Workbook

Sheet Cover Page
B2: GUI & FUNCTIONAL TEST CASES
B3: for <QUẢN LÝ BÁN HÀNG ONLINE>
B5: Document History – To maintain a list of changes being made
B6: Version | C6: Date | D6: Author | E6: Description of Changes
B7: <1.0> | D7: Lý Sơn Yến Ngọc | E7: Test requirement và test case cho web admin (tất cả)
D8: Trần Lâm Vũ | E8: Test requirement và test case cho web customer
D9: Hồ Thị Bảo Ngọc | E9: test GUI1
D10: Nguyễn Minh Quân | E10: test GUI2
D11: Nguyễn Thái Minh Trí | E11: test GUI3
B13: <1.1> | D13: Lý Sơn Yến Ngọc | E13: Test requirement và test case cho web admin ( quản lý sản phẩm, đăng nhập admin, thêm/sửa danh mục, quản lý chương trình giảm) giá )
D14: Trần Lâm Vũ | E14: Test requirement và test case cho web customer
D15: Hồ Thị Bảo Ngọc | E15: test GUI và test case tương ứng ( xóa danh mục, quản lý màu sắc, quản lý đơn hàng )
D16: Nguyễn Minh Quân | E16: test GUI và test case tương ứng (quản lý coupon, quản lý gói thành viên, thông tin cá nhân)
D17: Nguyễn Thái Minh Trí | E17: test GUI
B19: <1.2> | D19: Nguyễn Minh Quân | E19: tiếp tục làm testcase
D20: Trần Lâm Vũ | E20: tiếp tục làm testcase
D21: Nguyễn Thái Minh Trí | E21: tiếp tục làm testcase
D22: Hồ Thị Bảo Ngọc | E22: tiếp tục làm testcase
D23: Lý Sơn Yến Ngọc | E23: tiếp tục làm testcase
B25: <1.3> | D25: Nguyễn Minh Quân | E25: Execute Testing
D26: Trần Lâm Vũ | E26: Execute Testing
D27: Nguyễn Thái Minh Trí | E27: Execute Testing
D28: Hồ Thị Bảo Ngọc | E28: Execute Testing
D29: Lý Sơn Yến Ngọc | E29: Execute Testing
B30: This document has been generated from template ST-FunctionalTestCase-Template, version 1.2
B32: Reference Documents – Clearly mark the document used as an input to create the test case
B33: Version | C33: Date | D33: Document Name
B34: <x.y> | C34: <dd-Mmm-yyyy>

Sheet Test Requirements AD 
B2: Đưa ra các trường hợp test cho web admin
B5: General Information
B6: Project | D6: <Quản lý bán hàng online> | G6: Module | H6: <Người bán>
B7: Test Designed By | D7: Lý Sơn Yến Ngọc | G7: Reviewed By | H7: Hồ Thị Bảo Ngọc, Nguyễn Minh Quân, Nguyễn Thái Minh Trí
B8: Test Designed Date | G8: Reviewed Date | H8: <25-10-2025>
B11: List of Test Requirements
B12: No. | C12: Test Requirement ID | D12: Requirement Functions | E12: Mô tả chức năng | F12: Test Requirement Description | G12: Test Type | H12: Importance | I12: Status | J12: Number of TCs | K12: Note | L12: Test GUI | M12: Test Case
B13: 1 | C13: F1 | D13: Đăng nhập admin | E13: Đăng nhập vào hệ thống để quản lý | F13: Kiểm tra người dùng có thể đăng nhập được, đăng nhập không được, GUI | G13: Positive + Negative + LooknFeel | H13: High | I13: Pending | J13: =COUNTA('[1]Test Cases AD'!$D$5:$D$29) -> 5 | L13: GUI ĐĂNG NHẬP ADMIN | M13: TC ĐĂNG NHẬP
B14: 2 | C14: F2 | D14: DashBoard | E14: Hiển thị thông tin tổng quan dựa trên vai trò người dùng | F14: Admin: Thấy tất cả thống kê tổng quan. Nhân viên: Chỉ thấy dữ liệu liên quan | G14: Positive + Negative | H14: High | I14: Pending | J14: =COUNTA('[1]Test Cases AD'!$D$30:$D$64) -> 7 | M14: TC DASHBOARD
B15: 3 | C15: F3 | D15: Quản lý sản phẩm | E15: CRUD sản phẩm | F15: Kiểm tra chức năng quản lý toàn bộ sản phẩm (thêm, xem, sửa, xóa) | G15: Positive + Negative + LooknFeel | H15: High | I15: Pending | J15: =SUM(J16:J20) -> 66
B16: 4 | C16: F3.1 | D16: Thêm sản phẩm | E16: Tạo sản phẩm mới | F16: Kiểm tra thêm sản phẩm thành công, thất bại, GUI | G16: Positive + Negative + LooknFeel | H16: High | I16: Pending | J16: =COUNTA('[1]Test Cases AD'!$D$65:$D$174) -> 21 | L16: GUI THÊM SẢN PHẨM | M16: TC THÊM SẢN PHẨM
B17: 5 | C17: F3.2 | D17: Xem chi tiết sản phẩm | E17: Hiển thị thông tin SP | F17: Kiểm tra hiển thị đầy đủ thông tin chi tiết sản phẩm (hình ảnh, giá, thông số, đánh giá) | G17: Positive + Negative | H17: Medium | I17: Pending | J17: =COUNTA('[1]Test Cases AD'!$D$175:$D$229) -> 10 | M17: TC XEM CHI TIẾT SẢN PHẨM
B18: 6 | C18: F3.3 | D18: Xóa sản phẩm | E18: Xóa SP khỏi hệ thống | F18: Kiểm tra xóa sản phẩm thành công, thất bại và xác nhận trước khi xóa | G18: Positive + Negative | H18: High | I18: Pending | J18: =COUNTA('[1]Test Cases AD'!$D$230:$D$274) -> 8 | M18: TC XÓA SẢN PHẨM
B19: 7 | C19: F3.4 | D19: Sửa sản phẩm | E19: Cập nhật thông tin SP | F19: Kiểm tra cập nhật thông tin sản phẩm (giá, mô tả, hình ảnh, số lượng tồn kho) thành công, thất bại, GUI | G19: Positive + Negative + LooknFeel | H19: Medium | I19: Pending | J19: =COUNTA('[1]Test Cases AD'!$D$275:$D$348) -> 14 | L19: GUI SỬA SẢN PHẨM | M19: TC SỬA SẢN PHẨM
B20: 8 | C20: F3.5 | D20: Xem danh sách sản phẩm | E20: Tìm và lọc sản phẩm theo filter | F20: Kiểm tra tìm kiếm theo tên, lọc theo giá, hãng, RAM, bộ nhớ, màu sắc | G20: Positive + Negative | H20: High | I20: Pending | J20: =COUNTA('[1]Test Cases AD'!$D$349:$D$413) -> 13 | M20: TC XEM DANH SÁCH SẢN PHẨM
B21: 9 | C21: F4 | D21: Quản lý danh mục | E21: CRUD danh mục | F21: Kiểm tra quản lý danh mục sản phẩm (iPhone, Samsung, Xiaomi, Oppo, v.v.) | G21: Positive + Negative + LooknFeel | H21: Medium | I21: Pending | J21: =SUM(J22:J25) -> 33
B22: 10 | C22: F4.1 | D22: Thêm danh mục | E22: Tạo danh mục mới | F22: Kiểm tra thêm danh mục mới với tên và mô tả thành công, thất bại, GUI | G22: Positive + Negative + LooknFeel | H22: Medium | I22: Pending | J22: =COUNTA('[1]Test Cases AD'!$D$414:$D$453) -> 8 | L22: GUI THÊM DANH MỤC | M22: TC THÊM DANH MỤC
B23: 11 | C23: F4.2 | D23: Sửa danh mục | E23: Cập nhật danh mục | F23: Kiểm tra chỉnh sửa thông tin danh mục thành công, thất bại, GUI | G23: Positive + Negative + LooknFeel | H23: Medium | I23: Pending | J23: =COUNTA('[1]Test Cases AD'!$D$454:$D$508) -> 11 | L23: GUI SỬA DANH MỤC | M23: TC SỬA DANH MỤC
B24: 12 | C24: F4.3 | D24: Xóa danh mục | E24: Xóa danh mục | F24: Kiểm tra xóa danh mục thành công, thất bại và xử lý sản phẩm trong danh mục đó | G24: Positive + Negative | H24: Low | I24: Pending | J24: =COUNTA('[1]Test Cases AD'!$D$509:$D$533) -> 5 | M24: TC XÓA DANH MỤC
B25: 13 | C25: F4.4 | D25: Xem danh sách danh mục | E25: Hiển thị tất cả danh mục sản phẩm | F25: Kiểm tra danh sách các danh mục, lọc và tìm kiếm | G25: Positive + Negative | H25: High | I25: Pending | J25: =COUNTA('[1]Test Cases AD'!$D$534:$D$578) -> 9 | M25: TC XEM DANH SÁCH DANH MỤC
B26: 14 | C26: F5 | D26: Quản lý màu sắc | E26: CRUD màu sắc | F26: Kiểm tra quản lý màu sắc điện thoại (đen, trắng, xanh, đỏ, v.v.) | G26: Positive + Negative + LooknFeel | H26: Low | I26: Pending | J26: =SUM(J27:J29) -> 34
B27: 15 | C27: F5.1 | D27: Thêm màu sắc mới | E27: Tạo màu sắc mới | F27: Kiểm tra thêm tùy chọn màu sắc mới cho sản phẩm thành công, thất bại, GUI | G27: Positive + Negative + LooknFeel | H27: High | I27: Pending | J27: =COUNTA('[1]Test Cases AD'!$D$579:$D$638) -> 13 | L27: GUI THÊM MÀU SẮC | M27: TC THÊM MÀU SẮC
B28: 16 | C28: F5.2 | D28: Sửa màu sắc | E28: Cập nhật màu sắc | F28: Kiểm tra chỉnh sửa thông tin màu sắc thành công, thất bại, GUI | G28: Positive + Negative + LooknFeel | H28: Medium | I28: Pending | J28: =COUNTA('[1]Test Cases AD'!$D$639:$D$718) -> 16 | L28: GUI SỬA MÀU SẮC | M28: TC SỬA MÀU SẮC
B29: 17 | C29: F5.3 | D29: Xóa màu sắc | E29: Xóa màu sắc | F29: Kiểm tra xóa màu sắc khỏi hệ thống thành công, thất bại | G29: Positive + Negative | H29: Low | I29: Pending | J29: =COUNTA('[1]Test Cases AD'!$D$719:$D$743) -> 5 | M29: TC XÓA MÀU SẮC
B30: 18 | C30: F6 | D30: Quản lý chương trình giảm giá | E30: CRUD khuyến mãi | F30: Kiểm tra quản lý các chương trình giảm giá theo % hoặc số tiền cố định | G30: Positive + Negative + LooknFeel | H30: High | I30: Pending | J30: =SUM(J31:J34) -> 52
B31: 19 | C31: F6.1 | D31: Thêm chương trình giảm giá | E31: Tạo CT khuyến mãi | F31: Kiểm tra tạo chương trình giảm giá với thời gian bắt đầu/kết thúc, điều kiện áp dụng thành công, thất bại, GUI | G31: Positive + Negative + LooknFeel | H31: High | I31: Pending | J31: =COUNTA('[1]Test Cases AD'!$D$744:$D$841) -> 15 | L31: GUI THÊM CHƯƠNG TRÌNH GIẢM GIÁ | M31: TC THÊM CHƯƠNG TRÌNH GIẢM GIÁ
B32: 20 | C32: F6.2 | D32: Sửa chương trình giảm giá | E32: Cập nhật CT khuyến mãi | F32: Kiểm tra chỉnh sửa thông tin chương trình khuyến mãi thành công, thất bại, GUI | G32: Positive + Negative + LooknFeel | H32: Medium | I32: Pending | J32: =COUNTA('[1]Test Cases AD'!$D$842:$D$938) -> 15 | L32: GUI SỬA CHƯƠNG TRÌNH GIẢM GIÁ | M32: TC SỬA CHƯƠNG TRÌNH GIẢM GIÁ
B33: 21 | C33: F6.3 | D33: Xóa chương trình giảm giá | E33: Xóa CT khuyến mãi | F33: Kiểm tra xóa chương trình giảm giá thành công, thất bại và xử lý đơn hàng đã áp dụng | G33: Positive + Negative | H33: Medium | I33: Pending | J33: =COUNTA('[1]Test Cases AD'!$D$941:$D$978) -> 7 | M33: TC XÓA CHƯƠNG TRÌNH GIẢM GIÁ
B34: 22 | C34: F6.4 | D34: Xem danh sách chương trình giảm giá | E34: Hiển thị tất cả chương trình giảm giá | F34: Kiểm tra danh sách, lọc và tìm kiếm | G34: Positive + Negative | H34: Low | I34: Pending | J34: =COUNTA('[1]Test Cases AD'!$D$979:$D$1059) -> 15 | M34: TC XEM DANH SÁCH CHƯƠNG TRÌNH GIẢM GIÁ
B35: 23 | C35: F7 | D35: Quản lý đơn hàng | E35: Xử lý đơn hàng | F35: Kiểm tra quản lý toàn bộ quy trình đơn hàng từ tạo đến hoàn thành | G35: Positive + Negative + LooknFeel | H35: High | I35: Pending | J35: =SUM(J36:J40) -> 73
B36: 24 | C36: F7.1 | D36: Tạo đơn hàng | E36: Tạo mới đon hàng | F36: Kiểm tra tạo đơn hàng thành công, thất bại, GUI | G36: Positive + Negative + LooknFeel | H36: High | I36: Pending | J36: =COUNTA('[1]Test Cases AD'!$D$1062:$D$1200) -> 22 | L36: GUI TẠO ĐƠN HÀNG | M36: TC TẠO ĐƠN HÀNG
B37: 25 | C37: F7.2 | D37: Xem chi tiết đơn hàng | E37: Hiển thị chi tiết đơn hàng | F37: Kiểm tra hiển thị đầy đủ thông tin đơn hàng | G37: Positive + Negative | H37: Medium | I37: Pending | J37: 9 | M37: TC XEM CHI TIẾT ĐƠN HÀNG
B38: 26 | C38: F7.3 | D38: Sửa đơn hàng | E38: Sửa thông tin đơn hàng khi trạng thái đang xử lý | F38: Kiểm tra sửa thành công, thất bại , GUI | G38: Positive + Negative + LooknFeel | H38: Medium | I38: Pending | J38: =COUNTA('[1]Test Cases AD'!$D$1252:$D$1356) -> 21 | L38: GUI SỬA ĐƠN HÀNG | M38: TC SỬA ĐƠN HÀNG
B39: 27 | C39: F7.4 | D39: Hủy đơn hàng | E39: Huỷ đơn hàng | F39: Kiểm tra hủy đơn hàng thành công, thất bại | G39: Positive + Negative | H39: Medium | I39: Pending | J39: =COUNTA('[1]Test Cases AD'!$D$1357:$D$1396) -> 8 | M39: TC HỦY ĐƠN HÀNG
B40: 28 | C40: F7.5 | D40: Xem danh sách đơn hàng | E40: Xem danh sách đơn hàng | F40: Kiểm tra danh sách, lọc và tìm kiếm | G40: Positive + Negative | H40: Medium | I40: Pending | J40: =COUNTA('[1]Test Cases AD'!$D$1397:$D$1461) -> 13 | M40: TC XEM DANH SÁCH ĐƠN HÀNG
B41: 29 | C41: F8 | D41: Quản lý khách hàng | E41: CRUD khách hàng | F41: Kiểm tra quản lý thông tin khách hàng (xem, chặn, xóa) | G41: Positive + Negative + LooknFeel | H41: Medium | I41: Pending | J41: =SUM(J42:J43) -> 14
B42: 30 | C42: F8.1 | D42: Xem danh sách khách hàng | E42: Tìm và lọc danh sách theo filter | F42: Kiểm tra hiển thị danh sách khách hàng, lọc tìm kiếm khách hàng | G42: Positive + Negative | H42: Medium | I42: Pending | J42: =COUNTA('[1]Test Cases AD'!$D$1462:$D$1501) -> 8 | M42: TC XEM DANH SÁCH KHÁCH HÀNG
B43: 31 | C43: F8.2 | D43: Xem chi tiết khách hàng | E43: Hiển thị thông tin KH | F43: Kiểm tra xem thông tin chi tiết khách hàng thành công, thất bại | G43: Positive + Negative | H43: High | I43: Pending | J43: =COUNTA('[1]Test Cases AD'!$D$1502:$D$1533) -> 6 | M43: TC XEM CHI TIẾT KHÁCH HÀNG
B44: 32 | C44: F9 | D44: Quản lý coupon | E44: CRUD mã giảm giá | F44: Kiểm tra quản lý mã coupon/voucher giảm giá | G44: Positive + Negative + LooknFeel | H44: High | I44: Pending | J44: =SUM(J45:J49) -> 56
B45: 33 | C45: F9.1 | D45: Xem danh sách coupon | E45: Tìm và lọc coupon theo filter | F45: Kiểm tra hiển thị danh sách các coupon và tìm kiếm lọc theo filter | G45: Positive + Negative | H45: High | I45: Pending | J45: =COUNTA('[1]Test Cases AD'!$D$1534:$D$1558) -> 5 | M45: TC XEM DANH SÁCH COUPON
B46: 34 | C46: F9.2 | D46: Thêm mới coupon | E46: Tạo mã giảm giá | F46: Kiểm tra tạo thành công, thất bại, GUI | G46: Positive + Negative + LooknFeel | H46: High | I46: Pending | J46: =COUNTA('[1]Test Cases AD'!$D$1559:$D$1654) -> 19 | L46: GUI TẠO COUPON MỚI | M46: TC TẠO COUPON MỚI
B47: 35 | C47: F9.3 | D47: Xem chi tiết coupon | E47: Hiển thị thông tin coupon | F47: Kiểm tra hiển thị thông tin chi tiết coupon và số lượt sử dụng | G47: Positive + Negative | H47: Medium | I47: Pending | J47: =COUNTA('[1]Test Cases AD'!$D$1655:$D$1701) -> 9 | M47: TC XEM CHI TIẾT COUPON
B48: 36 | C48: F9.4 | D48: Sửa coupon | E48: Cập nhật coupon | F48: Kiểm tra chỉnh sửa thông tin coupon | G48: Positive + Negative + LooknFeel | H48: Medium | I48: Pending | J48: =COUNTA('[1]Test Cases AD'!$D$1702:$D$1771) -> 14 | M48: TC SỬA COUPON
B49: 37 | C49: F9.5 | D49: Xóa coupon | E49: Xóa coupon | F49: Kiểm tra xóa thành công, xóa thất bại | G49: Positive + Negative | H49: High | I49: Pending | J49: =COUNTA('[1]Test Cases AD'!$D$1772:$D$1816) -> 9 | M49: TC XÓA COUPON
B50: 42 | C50: F10 | D50: Quản lý phân quyền | E50: Phân quyền người dùng | F50: Kiểm tra phân quyền Admin, Staff, Customer với các chức năng tương ứng | G50: Positive + Negative + LooknFeel | H50: High | I50: Pending | J50: =SUM(J51:J53) -> 55
B51: 43 | C51: F10.1 | D51: Thêm quyền mới | E51: Tạo role mới | F51: Kiểm tra tạo role thành công, thất bại, GUI | G51: Positive + Negative + LooknFeel | H51: Medium | I51: Pending | J51: =COUNTA('[1]Test Cases AD'!$D$1817:$D$1891) -> 15 | M51: TC THÊM QUYỀN
B52: 44 | C52: F10.2 | D52: Chỉnh sửa quyền | E52: Cập nhật quyền | F52: Kiểm tra chỉnh sửa quyền của role thành công, thất bại | G52: Positive + Negative + LooknFeel | H52: Medium | I52: Pending | J52: =COUNTA('[1]Test Cases AD'!$D$1892:$D$1991) -> 20 | M52: TC SỬA QUYỀN
B53: 45 | C53: F10.3 | D53: Xóa quyền | E53: Xóa role | F53: Kiểm tra xóa role thành công, thất bại và xử lý user đang có role đó | G53: Positive + Negative | H53: Medium | I53: Pending | J53: =COUNTA('[1]Test Cases AD'!$D$1992:$D$2091) -> 20 | M53: TC XÓA QUYỀN
B54: 46 | C54: F11 | D54: Quản lý tài khoản | E54: CRUD user | F54: Kiểm tra quản lý tài khoản người dùng trong hệ thống | G54: Positive + Negative + LooknFeel | H54: High | I54: Pending | J54: =SUM(J55:J57) -> 65
B55: 47 | C55: F11.1 | D55: Thêm tài khoản | E55: Đăng ký tài khoản | F55: Kiểm tra tạo tài khoản mới thành công, thất bại, GUI | G55: Positive + Negative | H55: High | I55: Pending | J55: =COUNTA('[1]Test Cases AD'!$D$2092:$D$2168) -> 15 | M55: TC THÊM TÀI KHOẢN
B56: 48 | C56: F11.2 | D56: Chỉnh sửa tài khoản | E56: Chỉnh sửa tài khoản | F56: Chỉnh sửa tài khoản thành công, thất bại, GUI | G56: Positive + Negative | H56: High | I56: Pending | J56: =COUNTA('[1]Test Cases AD'!$D$2169:$D$2293) -> 25 | M56: TC PHÂN QUYỀN CHO TÀI KHOẢN
B57: 49 | C57: F11.3 | D57: Xóa tài khoản | E57: Xóa user | F57: Kiểm tra vô hiệu hóa/xóa tài khoản khỏi hệ thống | G57: Positive + Negative | H57: Medium | I57: Pending | J57: =COUNTA('[1]Test Cases AD'!$D$2294:$D$2418) -> 25 | M57: TC XÓA TÀI KHOẢN
B58: 50 | C58: F12 | D58: Quản lý báo cáo doanh thu | E58: Thống kê doanh thu | F58: Kiểm tra báo cáo doanh thu theo ngày, tháng, năm với biểu đồ | G58: Positive + Negative + LooknFeel | H58: High | I58: Pending | J58: =SUM(J59:J60) -> 32
B59: 51 | C59: F12.1 | D59: Xem chi tiết báo cáo doanh thu | E59: Hiển thị báo cáo chi tiết | F59: Kiểm tra xem báo cáo chi tiết với các chỉ số: tổng doanh thu, đơn hàng, sản phẩm bán chạy | G59: Positive + Negative | H59: High | I59: Pending | J59: =COUNTA('[1]Test Cases AD'!$D$2419:$D$2508) -> 18 | M59: TC XEM CHI TIẾT BÁO CÁO DOANH THU
B60: 52 | C60: F12.2 | D60: Xuất báo cáo danh thu | E60: Export báo cáo | F60: Kiểm tra xuất báo cáo doanh thu dạng PDF/Excel | G60: Positive + Negative | H60: Medium | I60: Pending | J60: =COUNTA('[1]Test Cases AD'!$D$2509:$D$2583) -> 14 | M60: TC XUẤT BÁO CÁO DOANH THU

Sheet Test Requirements CUS
B2: Đưa ra các trường hợp test requirement cho web customer
B5: General Information
B6: Project | D6: <Quản lý bán hàng online> | G6: Module | H6: <Khách hàng>
B7: Test Designed By | D7: Trần Lâm Vũ | G7: Reviewed By | H7: Nguyễn Minh Quân,Lý Sơn Yến Ngọc
B8: Test Designed Date | G8: Reviewed Date
B11: List of Test Requirements
B12: No. | C12: Test Requirement ID | D12: Requirement Functions | E12: Mô tả chức năng | F12: Test Requirement Description | G12: Test Type | H12: Importance | I12: Status | J12: Number of TCs | K12: Note | L12: Test GUI | M12: Test Case
B13: 1 | C13: F1 | D13: Quản lý thông tin cá nhân | E13: Nhóm các chức năng về tài khoản người dùng | F13: Quản lý đăng nhập, đăng ký, đăng xuất đổi mật khẩu, quên mật khẩu, xem và cập nhậ thông tin cá nhân | G13: Postive +Negative | H13: High | I13: Pending
B14: 2 | C14: F1.1 | D14: Đăng nhập | E14: Người dùng đăng nhập hệ thống | F14: Kiểm tra người dùng đăng nhập thành công, thất bại, GUI | G14: Postive +Negative + LooknFeel | H14: High | I14: Pending | J14: =COUNTA('Test Cases CUS'!D13:D40) -> 7 | L14: GUI ĐĂNG NHẬP CUSTOMER | M14: TC ĐĂNG NHẬP
B15: 3 | C15: F1.2 | D15: Đăng ký tài khoản | E15: Người dùng đăng ký tài khoản mới | F15: Kiểm tra việc tạo tài khoản thành công, thất bại , GUI | G15: Postive +Negative + LooknFeel | H15: High | I15: Pending | J15: =COUNTA('Test Cases CUS'!D41:D95) -> 7 | L15: GUI ĐĂNG KÝ CUSTOMER | M15: TC ĐĂNG KÝ
B16: 4 | C16: F1.3 | D16: Cập nhật mật khẩu | E16: Cho phép người dùng thay đổi mật khẩu hiện tại | F16: Kiểm tra người dùng cập nhật mật khẩu mới thành công, thất bại | G16: Postive +Negative | H16: Medium | I16: Pending | J16: =COUNTA('Test Cases CUS'!D96:D113) -> 3 | M16: TC CẬP NHẬT MẬT KHẨU
B17: 5 | C17: F1.4 | D17: Quên mật khẩu | E17: Đặt lại mật khẩu | F17: Cho phép người dùng đặt lại mật khẩu qua email khi không nhớ mật khẩu cũ | G17: Postive +Negative | H17: Medium | I17: Pending | J17: =COUNTA('Test Cases CUS'!D114:D134) -> 3 | M17: TC QUÊN MẬT KHẨU
B18: 7 | C18: F1.5 | D18: Cập nhật thông tin cá nhân | E18: Chỉnh sửa hồ sơ | F18: Kiểm tra cập nhật thông tin người dùng: tên, số điện thoại, năm sinh | G18: Postive +Negative | H18: Medium | I18: Pending | J18: =COUNTA('Test Cases CUS'!D135:D231) -> 19 | L18: GUI CẬP NHẬT THÔNG TIN CÁ NHÂN CUSTOMER | M18: TC CẬP NHẬT THÔNG TIN CÁ NHÂN
B19: 8 | C19: F1.6 | D19: Đăng xuất | E19: Thoát khỏi tài khoản | F19: Kiểm tra đăng xuất và xóa session người dùng | G19: Postive +Negative | H19: Medium | I19: Pending | J19: =COUNTA('Test Cases CUS'!D232:D243) -> 1 | M19: TC ĐĂNG XUẤT
B20: 9 | C20: F2 | D20: Quản lý giỏ hàng | E20: Nhóm chức năng về giỏ hàng | F20: Cho phép người dùng thêm, sửa, xoá sản phầm trong giỏ hàng | G20: Postive +Negative | H20: High | I20: Pending
B21: 10 | C21: F2.1 | D21: Tìm kiếm sản phẩm | E21: Người dùng tìm sản phẩm theo tên hoặc mã, tìm kiếm nâng cao (lọc theo giá, tên, danh mục…) | F21: Kiểm tra tìm kiếm sản phẩm thành công, thất bại | G21: Postive +Negative | H21: High | I21: Pending | J21: =COUNTA('Test Cases CUS'!D244:D263) -> 6 | M21: TC TÌM KIẾM SẢN PHẨM
B22: 16 | C22: F2.2 | D22: Xem chi tiết sản phẩm | E22: Người dùng xem thông tin chi tiết sản phẩm | F22: Kiểm tra xem chi tiết sản phẩm thành công, thất bại | G22: Postive +Negative | H22: Medium | I22: Pending | J22: =COUNTA('Test Cases CUS'!D264:D298) -> 10 | M22: TC XEM CHI TIẾT SẢN PHẨM
B23: 17 | C23: F2.3 | D23: Thêm sản phẩm vào giỏ hàng | E23: Người dùng thêm sản phẩm vào giỏ hàng | F23: Kiểm tra thêm sản phẩm vào giỏ hàng thành công, thất bại | G23: Postive +Negative | H23: Medium | I23: Pending | J23: =COUNTA('Test Cases CUS'!D299:D374) -> 15 | M23: TC THÊM SẢN PHẨM VÀO GIỎ HÀNG
B24: 18 | C24: F2.4 | D24: Xem giỏ hàng | E24: Người dùng xem các sản phẩm trong giỏ | F24: Kiểm tra xem giỏ hàng thành công, thất bại | G24: Postive +Negative | H24: Medium | I24: Pending | J24: =COUNTA('Test Cases CUS'!D375:D400) -> 4 | M24: TC XEM GIỎ HÀNG
B25: 19 | C25: F2.4.1 | D25: Xoá sản phẩm khỏi giỏ hàng | E25: Người dùng xoá sản phẩm không muốn mua | F25: Kiểm tra xóa sản phẩm khỏi giỏ hàng thành công, thất bại | G25: Postive +Negative | H25: Medium | I25: Pending | J25: =COUNTA('Test Cases CUS'!D401:D425) -> 4 | M25: TC XOÁ SẢN PHẨM KHỎI GIỎ HÀNG
B26: 20 | C26: F2.4.2 | D26: Sửa số lượng sản phẩm | E26: Người dùng tăng, giảm số lượng sản phẩm trong giỏ | F26: Kiểm tra tăng, giảm số lượng sản phẩm trong giỏ hàng thành công, thất bại | G26: Postive | H26: Medium | I26: Pending | J26: =COUNTA('Test Cases CUS'!D426:D464) -> 7 | M26: TC SỬA SỐ LƯỢNG SẢN PHẨM
B27: 21 | C27: F3 | D27: Theo dõi đơn hàng | E27: Cho phép người dùng theo dõi đơn hàng đã mua, mới mua, đang vận chuyển | F27: Kiểm tra danh sách đơn hàng đã mua, mới mua, đang vận chuyển, đã vận chuyển | G27: Postive +Negative | H27: Medium | I27: Pending
B28: 22 | C28: F3.1 | D28: Xem danh sách đơn hàng | E28: Người dùng xem danh sách đơn hàng | F28: Kiểm tra xem danh sách đơn hàng thành công, thất bại, tìm kiếm nâng cao (theo trạng thái, ngày….) | G28: Postive +Negative | H28: High | I28: Pending | J28: =COUNTA('Test Cases CUS'!D465:D540) -> 12 | M28: TC XEM DANH SÁCH ĐƠN HÀNG
B29: 23 | C29: F3.2 | D29: Xem chi tiết đơn hàng | E29: Người dùng xem chi tiết đơn hàng của mình | F29: Kiểm tra người dùng xem chi tiết đơn hàng thành công, thất bại | G29: Postive +Negative | H29: High | I29: Pending | J29: =COUNTA('Test Cases CUS'!D541:D566) -> 5 | M29: TC XEM CHI TIẾT ĐƠN HÀNG
B30: 22 | C30: F3.3 | D30: Hủy đơn hàng | E30: Người dùng đơn hàng khi còn ở trạng thái "Chờ xác nhận" | F30: Kiểm tra hủy thành công, không cho hủy khi đã xử lý | G30: Postive +Negative | H30: Medium | I30: Pending | J30: =COUNTA('Test Cases CUS'!D567:D608) -> 6 | M30: TC HỦY ĐƠN HÀNG
B31: 24 | C31: F4 | D31: Mua hàng | E31: Mua sản phẩm | F31: Kiểm tra mua sản phẩm thành công, thất bại | G31: Postive +Negative | H31: High | I31: Pending | J31: =COUNTA('Test Cases CUS'!D609:D670) -> 11 | M31: TC MUA HÀNG
J32: =SUM(J13:J31) -> 120

Sheet TestCase AD
A1: Test Cases for 'Quản lý bán hàng online' function
K2: Execute Testing - Version1.0
A3: No. | B3: Test Requirement ID | C3: Test Case ID | D3: Test Objective | E3: Pre-conditions | F3: Step # | G3: Step Action | H3: Test Data | I3: Expected Result | J3: Passed | K3: Result | L3: By tester | M3: Note
A4: Functional TCs
A5: 1 | B5: F1 | C5: F1_00 | D5: Kiểm tra giao diện đăng nhập admin | E5: Vào được trang đăng nhập | F5: 1 | G5: Mở trang đăng nhập | I5: Giao diện được thiết kế đúng theo yêu cầu | J5: Passed | K5: Passed | L5: Lý Sơn Yến Ngọc
F6: 2 | G6: Check giao diện theo form | H6: form đăng nhập
F7: 3 | G7: Check giao diện theo checklist gui | H7: checklist gui
B10: BACK | C10: F1_01 | D10: Đăng nhập thành công | E10: Tài khoản đã được đăng ký trước đó | F10: 1 | G10: Mở trang đăng nhập | I10: Đăng nhập thành công chuyển hướng đến trang Admin | K10: Passed | L10: Lý Sơn Yến Ngọc
F11: 2 | G11: Nhập tên đăng nhập hợp lệ | H11: admin1
F12: 3 | G12: Nhập mật khẩu hợp lệ | H12: 123
F13: 4 | G13: Click nút đăng nhập
C15: F1_02 | D15: Đăng nhập thất bại | E15: Không có | F15: 1 | G15: Mở trang đăng nhập | I15: Hiển thị thông báo tên đăng nhập hoặc mật khẩu không đúng | K15: Passed | L15: Lý Sơn Yến Ngọc
F16: 2 | G16: Nhập tên đăng nhập không tồn tại | H16: admin2
F17: 3 | G17: Nhập mật khẩu bất kỳ | H17: 123
F18: 4 | G18: Click nút đăng nhập
C20: F1_03 | D20: Đăng nhập thất bại với mật khẩu sai | E20: Tài khoản đã tồn tại | F20: 1 | G20: Mở trang đăng nhập | I20: Hiển thị thông báo tên đăng nhập hoặc mật khẩu không đúng | K20: Passed | L20: Lý Sơn Yến Ngọc
F21: 2 | G21: Nhập tên đăng nhập hợp lệ | H21: admin1
F22: 3 | G22: Nhập mật khẩu sai | H22: 456
F23: 4 | G23: Click nút đăng nhập
C25: F1_04 | D25: Đăng nhập với trường bỏ trống | E25: Không có | F25: 1 | G25: Mở trang đăng nhập | I25: Hiển thị thông báo vui lòng nhập email và vui lòng nhập mật khẩu | K25: Passed | L25: Lý Sơn Yến Ngọc
F26: 2 | G26: Để trống tên đăng nhập
F27: 3 | G27: Để trống mật khẩu
F28: 4 | G28: Click nút đăng nhập
A30: 3 | B30: F2 | C30: F2_01 | D30: Kiểm tra hiển thị dashboard chính xác với vai trò Admin | E30: Hệ thống đã có dữ liệu (ví dụ: 100 đơn hàng, 50.000.000đ tổng doanh thu) | F30: 1 | G30: Truy cập trang dashboard | I30: Hệ thống hiển thị trang Dashboard với đầy đủ các thông tin tổng quan của toàn hệ thống: | K30: Passed | L30: Lý Sơn Yến Ngọc
B35: BACK | C35: F2_02 | D35: Kiểm tra hiển thị dashboard chính xác với vai trò Nhân viên Bán hàng | E35: Có dữ liệu riêng (ví dụ: 10 đơn hàng đã xử lý, 5.000.000đ doanh số cá nhân). | F35: 1 | G35: Truy cập trang dashboard | I35: Hệ thống hiển thị trang Dashboard chỉ với các thông tin của nhanvien Không hiển thị các widget tổng quan của Admin (như "Tổng doanh thu toàn hệ thống") | K35: Blocked | L35: Lý Sơn Yến Ngọc
C40: F2_03 | D40: Lọc dữ liệu theo tháng | E40: Có dữ liệu trong tháng 10 | F40: 1 | G40: Truy cập trang dashboard | I40: Hiển thị thống kê trong tháng 10 | K40: Blocked | L40: Lý Sơn Yến Ngọc
F41: 2 | G41: Click vào bộ lộc tháng | H41: Tháng 10
F42: 3 | G42: Xem tất cả đơn hàng
F43: 4 | G43: chọn tháng
F44: 5 | G44: Click vào lọc
C45: F2_04 | D45: Lọc dữ liệu theo 7 ngày gần nhất | E45: Có dữ liệu trong 7 ngày gần nhất | F45: 1 | G45: Click vào bộ lọc doanh thu 7 ngày gần đây | I45: Hiển thị thống kê theo bộ lọc 7 ngày gần đây | K45: Passed | L45: Lý Sơn Yến Ngọc
C50: F2_05 | D50: Lọc dữ liệu theo ngày | E50: Có dữ liệu từ ngày 6/10/2055 - 10/10/2025 | F50: 1 | G50: Click vào bộ lọc ngày | I50: Hiển thị thống kê theo bộ lọc ngày | K50: Blocked | L50: Lý Sơn Yến Ngọc
F51: 2 | G51: Chọn ngày bắt đầu | H51: 45818
F52: 3 | G52: Chọn ngày kết thúc | H52: 45940
F53: 4 | G53: Click nút lọc
C55: F2_06 | D55: Làm mới dữ liệu dashboard | E55: Có nút refresh dữ liệu | F55: 1 | G55: Quan sát thời gian cập nhật cuối | I55: Hiển thị "last update: time" hiển thị thời gian hiện tại , icon xoay hiển thị loading, dữ liệu được cập nhật mới nhất | K55: Blocked | L55: Lý Sơn Yến Ngọc
F56: 2 | G56: Click nút "Refresh" (của chome)
F57: 3 | G57: Chờ dữ liệu tải
F58: 4 | G58: Kiểm tra thời gian cập nhật
C60: F2_07 | D60: Xuất báo cáo dashboard | E60: Admin đã đăng nhập đang ở dashboard | F60: 1 | G60: Click nút "Export báo cáo" | I60: Xuất file pdf thành công và có thể mở file lên được | K60: Blocked | L60: Lý Sơn Yến Ngọc
F61: 2 | G61: Chọn định dạng pdf
F62: 3 | G62: Click dowload
F63: 4 | G63: Mở file pdf
A65: 4 | B65: F3.1 | C65: F3.1_00 | D65: Kiểm tra giao diện thêm sản phẩm | E65: Đã ở trang thêm sản phẩm | F65: 1 | G65: Vào quản lý sản phẩm | I65: Giao diện được thiết kế đúng theo yêu cầu | K65: Passed | L65: Lý Sơn Yến Ngọc
F66: 2 | G66: Chọn thêm sản phẩm
F67: 3 | G67: Check giao diện theo form | H67: form thêm sản phẩm
F68: 4 | G68: Check giao diện theo checkllist gui | H68: Checklist gui
B70: BACK | C70: F3.1_01 | D70: Kiểm tra thêm sản phẩm với đầy đủ thông tin hợp lệ | E70: Đăng nhập tài khoản admin (tentk:Admin1,mk:Admin) có quyền thêm sản phẩm | F70: 1 | G70: Vào trang quản lý sản phẩm | I70: Sản phẩm được tạo thành công, hiển thị thông báo "Thêm sản phẩm thành công" | K70: Passed | L70: Lý Sơn Yến Ngọc
F71: 2 | G71: Click nút thêm sản phẩm mới
F72: 3 | G72: Nhập tên sản phẩm | H72: Iphone 13
F73: 4 | G73: Chọn danh mục | H73: APPLE
F74: 5 | G74: Nhập giá | H74: 25000000
F75: 6 | G75: Upload hình ảnh | H75: tải từ máy lên(jpg)
F76: 7 | G76: Chọn màu sắc | H76: Hồng
F77: 8 | G77: Nhập mô tả chi tiết | H77: Iphone
F78: 9 | G78: Nhập số lượng tồn kho | H78: 50
F79: 10 | G79: Click lưu
C80: F3.1_02 | D80: Kiểm tra thêm sản phẩm với tên bị trùng | E80: Đã có sản phẩm cùng tên | F80: 1 | G80: Vào trang thêm sản phẩm | I80: Hiển thị lỗi "tên sản phẩm đã tồn tại " | K80: Failed | L80: Lý Sơn Yến Ngọc
F81: 2 | G81: Nhập tên sản phẩm đã tồn tại | H81: Iphone 13
F82: 3 | G82: Nhập các thông tin khác | H82: Danh mục: APPLE Giá: 25000000 Màu: hồng Nhập mô tả: chi tiết: iphone Nhập số lượng tồn kho: 50
F83: 4 | G83: Click lưu
C85: F3.1_03 | D85: Kiểm tra thêm sản phẩm với tên để trống | E85: Đăng nhập tài khoản admin (tentk:Admin1,mk:Admin) có quyền thêm sản phẩm | F85: 1 | G85: Vào trang thêm sản phẩm | I85: Hiển thị lỗi "Tên sản phẩm không được để trống" | K85: Passed | L85: Lý Sơn Yến Ngọc
F86: 2 | G86: Để trống tên, nhập các thông tin khác | H86: Tên: "" Danh mục: APPLE Giá: 25000000 Màu: hồng Nhập mô tả: chi tiết: iphone Nhập số lượng tồn kho: 50
F87: 3 | G87: Click lưu
C90: F3.1_04 | D90: Kiểm tra tên sản phẩm vượt quá độ dài cho phép | E90: Đăng nhập tài khoản admin (tentk:Admin1,mk:Admin) có quyền thêm sản phẩm | F90: 1 | G90: Vào trang thêm sản phẩm | I90: Hiển thị lỗi "Tên sản phẩm không được vượt quá 200 ký tự" | K90: Failed | L90: Lý Sơn Yến Ngọc
F91: 2 | G91: Nhập tên rất dài | H91: Iphone 13 Pro Max 256GB..." (250 ký tự)
F92: 3 | G92: Nhập các thông tin khác | H92: Danh mục: APPLE Giá: 25000000 Màu: hồng Nhập mô tả: chi tiết: iphone Nhập số lượng tồn kho: 50
F93: 4 | G93: Click lưu
C95: F3.1_05 | D95: Kiểm tra thêm sản phẩm khi không chọn danh mục | E95: Đăng nhập tài khoản admin (tentk:Admin1,mk:Admin) có quyền thêm sản phẩm | F95: 1 | G95: Vào trang thêm sản phẩm | I95: Hiển thị lỗi "Vui lòng chọn danh mục" | K95: Passed | L95: Lý Sơn Yến Ngọc
F96: 2 | G96: Để trống danh mục
F97: 3 | G97: Nhập các thông tin khác | H97: Tên sản phẩm: Iphone 13 Pro Max 256GB Giá: 25000000 Màu: hồng Nhập mô tả: chi tiết: iphone Nhập số lượng tồn kho: 50
F98: 4 | G98: Click lưu
C100: F3.1_06 | D100: Kiểm tra thêm sản phẩm với giá = 0 | E100: Đăng nhập tài khoản admin (tentk:Admin1,mk:Admin) có quyền thêm sản phẩm | F100: 1 | G100: Vào trang thêm sản phẩm | I100: Hiển thị lỗi "Giá sản phẩm phải lớn hơn 0" | K100: Failed | L100: Lý Sơn Yến Ngọc
F101: 2 | G101: Nhập giá = 0 | H101: Tên sản phẩm: Iphone 12 Pro Max 256GB Giá: 0 Màu: hồng Nhập mô tả: chi tiết: iphone Nhập số lượng tồn kho: 50
F102: 3 | G102: Click lưu
C105: F3.1_07 | D105: Kiểm tra nhập giá không phải số | E105: Đăng nhập tài khoản admin (tentk:Admin1,mk:Admin) có quyền thêm sản phẩm | F105: 1 | G105: Vào trang thêm sản phẩm | I105: Hiển thị lỗi "Giá phải là số" hoặc không cho nhập chữ hoặc hệ thống không cho nhập chữ | K105: Passed | L105: Lý Sơn Yến Ngọc
F106: 2 | G106: Nhập giá là chữ | H106: Tên sản phẩm: Iphone 12 Pro Max 256GB Giá: hai mươi triệu đồng Màu: hồng Nhập mô tả: chi tiết: iphone Nhập số lượng tồn kho: 50
F107: 3 | G107: Click lưu
C110: F3.1_09 | D110: Kiểm tra thêm sản phẩm với giá âm | E110: Đăng nhập tài khoản admin (tentk:Admin1,mk:Admin) có quyền thêm sản phẩm | F110: 1 | G110: Vào trang thêm sản phẩm | I110: Hiển thị lỗi giá phải lớn hơn 0 | K110: Passed | L110: Lý Sơn Yến Ngọc
F111: 2 | G111: Nhập giá âm | H111: -1000000000
F112: 3 | G112: Nhập các thông tin còn lại | H112: Tên sản phẩm: samsung galaxy s20 Danh mục: SAMSUNG Màu: đen Nhập mô tả: chi tiết: điện thoại thông minh Nhập số lượng tồn kho: 50
F113: 4 | G113: Click lưu
C115: F3.1_10 | D115: Kiểm tra thêm sản phẩm không có hình ảnh | E115: Đăng nhập tài khoản admin (tentk:Admin1,mk:Admin) có quyền thêm sản phẩm | F115: 1 | G115: Vào trang thêm sản phẩm | I115: Hiển thị lỗi vui lòng upload ít nhất 1 hình ảnh hoặc ẩn đi nút thêm sản phẩm | K115: Passed | L115: Lý Sơn Yến Ngọc
F116: 2 | G116: Nhập đầy đủ thông tin | H116: Tên sản phẩm: samsung galaxy s20 ultra Danh mục: SAMSUNG Giá: 20000000 Màu: đen Nhập mô tả: chi tiết: điện thoại thông minh Nhập số lượng tồn kho: 50
F117: 3 | G117: Không upload hình ảnh
F118: 4 | G118: Click lưu
C120: F3.1_11 | D120: Kiểm tra upload hình ảnh sai định dạng | E120: Đăng nhập tài khoản admin (tentk:Admin1,mk:Admin) có quyền thêm sản phẩm | F120: 1 | G120: Vào trang thêm sản phẩm | I120: Hiển thị lỗi chỉ chấp nhận file ảnh jpg, png, jpeg | J120: Failed(do kh thể upload file khác ảnh nên kh thể test); | K120: Passed | L120: Lý Sơn Yến Ngọc
F121: 2 | G121: Nhập đầy đủ thông tin | H121: Tên sản phẩm: samsung galaxy s21 ultra Danh mục: SAMSUNG Giá: 20000000 Màu: đen Nhập mô tả: chi tiết: điện thoại thông minh Nhập số lượng tồn kho: 50
F122: 3 | G122: Upload file không phải ảnh | H122: file.pdf
C125: F3.1_12 | D125: Kiểm tra upload ảnh vượt quá dung lượng cho phép | E125: Đăng nhập tài khoản admin (tentk:Admin1,mk:Admin) có quyền thêm sản phẩm | F125: 1 | G125: Vào trang thêm sản phẩm | I125: Hiển thị lỗi "Dung lượng ảnh không được vượt quá 5MB" | K125: Not executed | L125: Lý Sơn Yến Ngọc
F126: 2 | G126: Upload ảnh >5MB | H126: image_10MB.jpg
F127: 3 | G127: Click lưu
C130: F3.1_13 | D130: Kiểm tra thêm sản phẩm không chọn màu sắc | E130: Đăng nhập tài khoản admin (tentk:Admin1,mk:Admin) có quyền thêm sản phẩm | F130: 1 | G130: Vào trang thêm sản phẩm | I130: Hiển thị lỗi: "Vui lòng chọn màu cho sản phẩm" hoặc disable nút thêm sản phẩm | K130: Passed | L130: Lý Sơn Yến Ngọc
F131: 2 | G131: Nhập đầy đủ thông tin nhưng không chọn màu | H131: Tên sản phẩm: samsung galaxy s21 ultra Danh mục: SAMSUNG Giá: 20000000 Màu: " " Nhập mô tả: chi tiết: điện thoại thông minh Nhập số lượng tồn kho: 50
F132: 3 | G132: Click lưu
C135: F3.1_14 | D135: Kiểm tra thêm sản phẩm với số lượng = 0 | E135: Đăng nhập tài khoản admin (tentk:Admin1,mk:Admin) có quyền thêm sản phẩm | F135: 1 | G135: Vào trang thêm sản phẩm | I135: Sản phẩm được tạo với trạng thái "Hết hàng" | K135: Failed | L135: Lý Sơn Yến Ngọc
F136: 2 | G136: Nhập đầy đủ thông tin nhưng số lượng = 0 | H136: Tên sản phẩm: samsung galaxy s21 ultra Danh mục: SAMSUNG Giá: 20000000 Màu: đen Nhập mô tả: chi tiết: điện thoại thông minh Nhập số lượng tồn kho: 0
F137: 3 | G137: Click lưu
C140: F3.1_15 | D140: Kiểm tra nhập số lượng âm | E140: Đăng nhập tài khoản admin (tentk:Admin1,mk:Admin) có quyền thêm sản phẩm | F140: 1 | G140: Vào trang thêm sản phẩm | I140: Hiển thị lỗi "Số lượng phải >= 0" | K140: Passed | L140: Lý Sơn Yến Ngọc
F141: 2 | G141: Nhập đầy đủ thông tin nhưng số lượng âm | H141: Tên sản phẩm: samsung galaxy s21 ultra Danh mục: SAMSUNG Giá: 20000000 Màu: đen Nhập mô tả: chi tiết: điện thoại thông minh Nhập số lượng tồn kho: -1
...

Sheet Test Cases  CUS
D2: MINH NHỰT
D4: Sau khi hoàn thành test requirement thì đưa ra các trường hợp test case tương ứng với test requirement mà mình đã làm
B9: Test Cases for 'Quản lý bán hàng online' function
L10: Execute Testing - Version1.0
B11: No. | C11: Test Requirement ID | D11: Test Case ID | E11: Test Objective | F11: Pre-conditions | G11: Step # | H11: Step Action | I11: Test Data | J11: Expected Result | K11: Notes | L11: Result | M11: By tester | N11: Note
B12: Functional TCs
B13: 1 | C13: F1.1 | D13: F1_00 | E13: Kiểm tra giao diện đăng nhập customer | F13: Vào được trang đăng nhập | G13: 1 | H13: Mở trang đăng nhập | J13: Giao diện được thiết kế và hiển thị đúng theo yêu cầu | L13: Passed | M13: Lý Sơn Yến Ngọc
G14: 2 | H14: Check giao diện theo form
G15: 3 | H15: Check giao diện theo checklist
C17: Back | D17: F1.1_01 | E17: Đăng nhập thành công với tài khoản và mật khẩu đúng | F17: Tài khoản đã được đăng ký trước đó | G17: 1 | H17: Mở trang đăng nhập | J17: Đăng nhập thành công chuyển hướng đến trang home (https://localhost:7011/) | L17: Passed | M17: Lý Sơn Yến Ngọc
G18: 2 | H18: Nhập email đăng nhập hợp lệ | I18: test@gmail.com
G19: 3 | H19: Nhập mật khẩu hợp lệ | I19: Nhut@2005
G20: 4 | H20: Click nút đăng nhập
D21: F1.1_02 | E21: Đăng nhập thất bại với email chưa được đăng ký | F21: Không có | G21: 1 | H21: Mở trang đăng nhập | J21: Hiển thị thông báo "Email hoặc mật khẩu không đúng" | L21: Passed | M21: Lý Sơn Yến Ngọc
G22: 2 | H22: Nhập email đăng nhập không tồn tại | I22: mhnhwt@gmail.com
G23: 3 | H23: Nhập mật khẩu bất kỳ | I23: 123456
G24: 4 | H24: Click nút đăng nhập
D25: F1.1_03 | E25: Đăng nhập thất bại với mật khẩu sai | F25: Tài khoản đã tồn tại | G25: 1 | H25: Mở trang đăng nhập | J25: Hiển thị thông báo "Email hoặc mật khẩu không đúng" | L25: Passed | M25: Lý Sơn Yến Ngọc
G26: 2 | H26: Nhập email đăng nhập hợp lệ | I26: test@gmail.com
G27: 3 | H27: Nhập mật khẩu hợp lệ | I27: nhut123
G28: 4 | H28: Click nút đăng nhập
D29: F1.1_04 | E29: Đăng nhập thất bại với trường Emai bỏ trống | F29: Không có | G29: 1 | H29: Mở trang đăng nhập | J29: Hiển thị thông báo "vui lòng nhập email !" | L29: Passed | M29: Lý Sơn Yến Ngọc
G30: 2 | H30: Để trống email đăng nhập
G31: 3 | H31: Nhập mật khẩu bất kỳ | I31: nhut123
G32: 4 | H32: Click nút đăng nhập
D33: F1.1_05 | E33: Đăng nhập thất bại với trường mật khẩu bỏ trống | F33: Không có | G33: 1 | H33: Mở trang đăng nhập | J33: Hiển thị thông báo vui " lòng nhập mật khẩu" | L33: Passed | M33: Lý Sơn Yến Ngọc
G34: 2 | H34: Nhập emai đã được đăng ký | I34: test@gmail.com
G35: 3 | H35: Bỏ trống mật khẩu
G36: 4 | H36: Click nút đăng nhập
D37: F1.1_06 | E37: Đăng nhập thất bại với trường email và mật khẩu bỏ trống | F37: Không có | G37: 1 | H37: Mở trang đăng nhập | J37: Hiển thị 2 thông báo " Vui lòng nhập email " và "Vui lòng nhập mật khẩu" | L37: Passed | M37: Lý Sơn Yến Ngọc
G38: 2 | H38: Bỏ trống emai
G39: 3 | H39: Bỏ trống mật khẩu
G40: 4 | H40: Click nút đăng nhập
B41: 2 | C41: F1.2 | D41: F1.2_01 | E41: Đăng ký thành công với thông tin hợp lệ | F41: Không có | G41: 1 | H41: Truy cập trang đăng ký | J41: Đăng ký thành công, chuyển hướng đến trang chủ | L41: Passed | M41: Lý Sơn Yến Ngọc
G42: 2 | H42: Nhập họ | I42: Hoàng
G43: 3 | H43: Nhập tên | I43: Nhựt
G44: 4 | H44: Nhập email | I44: test01@gmail.com
G45: 5 | H45: Nhập số điện thoại | I45: 978782783
G46: 6 | H46: Nhập mật khẩu | I46: Nhut@2005
G47: 7 | H47: Xác nhận mât khẩu | I47: Nhut@2005
C48: Back | D48: F1.2_02 | E48: Đăng ký thất bại với email trùng | F48: Email đã tồn tại | G48: 1 | H48: Truy cập trang đăng ký | J48: Thông báo "email đã tồn tại" | L48: Passed | M48: Lý Sơn Yến Ngọc
G49: 2 | H49: Nhập họ | I49: Hoàng
G50: 3 | H50: Nhập tên | I50: Nhựt
G51: 4 | H51: Nhập email đã tồn tại | I51: test@gmail.com
G52: 5 | H52: Nhập số điện thoại | I52: 978782783
G53: 6 | H53: Nhập mật khẩu | I53: Nhut@2005
G54: 7 | H54: Xác nhận mât khẩu | I54: Nhut@2005
G55: 8 | H55: Chấp nhận điều khoản
D56: F1.2_03 | E56: Đăng ký thất bại với mật khẩu yếu | F56: Không có | G56: 1 | H56: Truy cập trang đăng ký | J56: Hiển thị thông báo "Mật khẩu phải có ít nhất 6 ký tự" | L56: Blocked | M56: Lý Sơn Yến Ngọc
G57: 2 | H57: Nhập họ | I57: Hoàng
G58: 3 | H58: Nhập tên | I58: Nhựt
G59: 4 | H59: Nhập email | I59: mhnhwt205@gmail.com
G60: 5 | H60: Nhập số điện thoại | I60: 978782783
G61: 6 | H61: Nhập mật khẩu | I61: 123
G62: 7 | H62: Xác nhận mât khẩu | I62: 123
G63: 8 | H63: Chấp nhận điều khoản
D64: F1.2_04 | E64: Đăng ký thất bại với trường email bỏ trống | F64: Không có | G64: 1 | H64: Truy cập trang đăng ký | J64: Hiển thị thông báo "không được bỏ trống emai" | L64: Passed | M64: Lý Sơn Yến Ngọc
G65: 2 | H65: Nhập họ | I65: Hoàng
G66: 3 | H66: Nhập tên | I66: Nhựt
G67: 4 | H67: Bỏ trống email
G68: 5 | H68: Nhập số điện thoại | I68: 978782783
G69: 6 | H69: Nhập mật khẩu | I69: 123
G70: 7 | H70: Xác nhận mât khẩu | I70: 123
G71: 8 | H71: Chấp nhận điều khoản
D72: F1.2_05 | E72: Đăng ký thất bại với trường họ, tên bỏ trống | F72: Không có | G72: 1 | H72: Truy cập trang đăng ký | J72: Hiển thị thông báo không được bỏ trống họ, tên | L72: Passed | M72: Lý Sơn Yến Ngọc
G73: 2 | H73: Bỏ trống họ
G74: 3 | H74: Bỏ trống tên
G75: 4 | H75: Nhập email | I75: mhnhwt205@gmail.com
G76: 5 | H76: Nhập số điện thoại | I76: 978782783
G77: 6 | H77: Nhập mật khẩu | I77: 123
G78: 7 | H78: Xác nhận mât khẩu | I78: 123
G79: 8 | H79: Chấp nhận điều khoản
D80: F1.2_06 | E80: Đăng ký thất bại với trường mật khẩu và xác nhận mật khẩu bỏ trống | F80: Không có | G80: 1 | H80: Truy cập trang đăng ký | J80: Hiển thị thông báo không được bỏ trống mật khẩu và xác nhận | L80: Passed | M80: Lý Sơn Yến Ngọc
G81: 2 | H81: Nhập họ | I81: Hoàng
G82: 3 | H82: Nhập tên | I82: Nhựt
G83: 4 | H83: Nhập email | I83: mhnhwt205@gmail.com
G84: 5 | H84: Nhập số điện thoại | I84: 978782783
G85: 6 | H85: Nhập mật khẩu
G86: 7 | H86: Bỏ trống mât khẩu và xác nhận mật khẩu
G87: 8 | H87: Chấp nhận điều khoản
D88: F1.2_07 | E88: Đăng ký thất bại khi không tích vào chấp nhận điều khoản sử dụng | F88: Không có | G88: 1 | H88: Truy cập trang đăng ký | J88: Hiển thị thông báo vui lòng chấp nhận điều khoản | L88: Passed | M88: Lý Sơn Yến Ngọc
G89: 2 | H89: Nhập họ | I89: Hoàng
G90: 3 | H90: Nhập tên | I90: Nhựt
G91: 4 | H91: Bỏ trống email | I91: mhnhwt205@gmail.com
G92: 5 | H92: Nhập số điện thoại | I92: 978782783
G93: 6 | H93: Nhập mật khẩu
G94: 7 | H94: Xác nhận mât khẩu
G95: 8 | H95: Không chấp nhận điều khoản
B96: 3 | C96: F1.3 | D96: F1.3_01 | E96: Cập nhật thành công với mật khẩu cũ đúng | F96: Tài khoản đã được đăng ký trước đó | G96: 1 | H96: Đăng nhập tài khoản hợp lệ | I96: email: test@mail.com,pw:Nhut@2005 | J96: Thông báo đổi mật khẩu mới thành công | L96: Passed | M96: Lý Sơn Yến Ngọc
G97: 2 | H97: Truy cập trang thông tin cá nhân
G98: 3 | H98: Chọn chức năng đổi mật khẩu
G99: 4 | H99: Nhập mật khẩu hiện tại | I99: Nhut@2005
G100: 5 | H100: Nhập mật khẩu mới | I100: 123456
G101: 6 | H101: Nhập xác nhận mật khẩu mới | I101: 123456
G102: 7 | H102: Nhấn đổi mật khẩu | M102: Lý Sơn Yến Ngọc
C103: Back | D103: F1.3_02 | E103: Cập nhật không thành công với mật khẩu cũ không đúng | F103: Không có | G103: 1 | H103: Đăng nhập tài khoản hợp lệ | I103: email: test@mail.com,pw:Nhut@2005 | J103: Thông báo mật khẩu cũ không đúng | L103: Failed
G104: 2 | H104: Truy cập trang thông tin cá nhân
G105: 3 | H105: Chọn chức năng đổi mật khẩu
G106: 4 | H106: Nhập mật khẩu hiện tại | I106: Nhut123
G107: 5 | H107: Nhập mật khẩu mới | I107: Nhut@2005
...

Sheet Checklist GUI
A1: Test Cases for 'Quản lý bán hàng online' function
K2: Execute Testing - Version1.0
A3: No. | B3: Test Requirement ID | C3: Test Case ID | D3: Test Objective | E3: Pre-conditions | F3: Step # | G3: Step Action | H3: Test Data | I3: Expected Result | J3: Passed | K3: Result | L3: By tester | M3: Note
A4: Functional TCs
A5: 1 | B5: F1 | C5: F1_00 | D5: Kiểm tra giao diện đăng nhập admin | E5: Vào được trang đăng nhập | F5: 1 | G5: Mở trang đăng nhập | I5: Giao diện được thiết kế đúng theo yêu cầu | J5: Passed | K5: Passed | L5: Lý Sơn Yến Ngọc
F6: 2 | G6: Check giao diện theo form | H6: form đăng nhập
F7: 3 | G7: Check giao diện theo checklist gui | H7: checklist gui
B10: BACK | C10: F1_01 | D10: Đăng nhập thành công | E10: Tài khoản đã được đăng ký trước đó | F10: 1 | G10: Mở trang đăng nhập | I10: Đăng nhập thành công chuyển hướng đến trang Admin | K10: Passed | L10: Lý Sơn Yến Ngọc
F11: 2 | G11: Nhập tên đăng nhập hợp lệ | H11: admin1
F12: 3 | G12: Nhập mật khẩu hợp lệ | H12: 123
F13: 4 | G13: Click nút đăng nhập
C15: F1_02 | D15: Đăng nhập thất bại | E15: Không có | F15: 1 | G15: Mở trang đăng nhập | I15: Hiển thị thông báo tên đăng nhập hoặc mật khẩu không đúng | K15: Passed | L15: Lý Sơn Yến Ngọc
F16: 2 | G16: Nhập tên đăng nhập không tồn tại | H16: admin2
F17: 3 | G17: Nhập mật khẩu bất kỳ | H17: 123
F18: 4 | G18: Click nút đăng nhập
C20: F1_03 | D20: Đăng nhập thất bại với mật khẩu sai | E20: Tài khoản đã tồn tại | F20: 1 | G20: Mở trang đăng nhập | I20: Hiển thị thông báo tên đăng nhập hoặc mật khẩu không đúng | K20: Passed | L20: Lý Sơn Yến Ngọc
F21: 2 | G21: Nhập tên đăng nhập hợp lệ | H21: admin1
F22: 3 | G22: Nhập mật khẩu sai | H22: 456
F23: 4 | G23: Click nút đăng nhập
C25: F1_04 | D25: Đăng nhập với trường bỏ trống | E25: Không có | F25: 1 | G25: Mở trang đăng nhập | I25: Hiển thị thông báo vui lòng nhập email và vui lòng nhập mật khẩu | K25: Passed | L25: Lý Sơn Yến Ngọc
F26: 2 | G26: Để trống tên đăng nhập
F27: 3 | G27: Để trống mật khẩu
F28: 4 | G28: Click nút đăng nhập
A30: 3 | B30: F2 | C30: F2_01 | D30: Kiểm tra hiển thị dashboard chính xác với vai trò Admin | E30: Hệ thống đã có dữ liệu (ví dụ: 100 đơn hàng, 50.000.000đ tổng doanh thu) | F30: 1 | G30: Truy cập trang dashboard | I30: Hệ thống hiển thị trang Dashboard với đầy đủ các thông tin tổng quan của toàn hệ thống: | K30: Passed | L30: Lý Sơn Yến Ngọc
B35: BACK | C35: F2_02 | D35: Kiểm tra hiển thị dashboard chính xác với vai trò Nhân viên Bán hàng | E35: Có dữ liệu riêng (ví dụ: 10 đơn hàng đã xử lý, 5.000.000đ doanh số cá nhân). | F35: 1 | G35: Truy cập trang dashboard | I35: Hệ thống hiển thị trang Dashboard chỉ với các thông tin của nhanvien Không hiển thị các widget tổng quan của Admin (như "Tổng doanh thu toàn hệ thống") | K35: Blocked | L35: Lý Sơn Yến Ngọc
C40: F2_03 | D40: Lọc dữ liệu theo tháng | E40: Có dữ liệu trong tháng 10 | F40: 1 | G40: Truy cập trang dashboard | I40: Hiển thị thống kê trong tháng 10 | K40: Blocked | L40: Lý Sơn Yến Ngọc
F41: 2 | G41: Click vào bộ lộc tháng | H41: Tháng 10
F42: 3 | G42: Xem tất cả đơn hàng
F43: 4 | G43: chọn tháng
F44: 5 | G44: Click vào lọc
C45: F2_04 | D45: Lọc dữ liệu theo 7 ngày gần nhất | E45: Có dữ liệu trong 7 ngày gần nhất | F45: 1 | G45: Click vào bộ lọc doanh thu 7 ngày gần đây | I45: Hiển thị thống kê theo bộ lọc 7 ngày gần đây | K45: Passed | L45: Lý Sơn Yến Ngọc
C50: F2_05 | D50: Lọc dữ liệu theo ngày | E50: Có dữ liệu từ ngày 6/10/2055 - 10/10/2025 | F50: 1 | G50: Click vào bộ lọc ngày | I50: Hiển thị thống kê theo bộ lọc ngày | K50: Blocked | L50: Lý Sơn Yến Ngọc
F51: 2 | G51: Chọn ngày bắt đầu | H51: 45818
F52: 3 | G52: Chọn ngày kết thúc | H52: 45940
F53: 4 | G53: Click nút lọc
C55: F2_06 | D55: Làm mới dữ liệu dashboard | E55: Có nút refresh dữ liệu | F55: 1 | G55: Quan sát thời gian cập nhật cuối | I55: Hiển thị "last update: time" hiển thị thời gian hiện tại , icon xoay hiển thị loading, dữ liệu được cập nhật mới nhất | K55: Blocked | L55: Lý Sơn Yến Ngọc
F56: 2 | G56: Click nút "Refresh" (của chome)
F57: 3 | G57: Chờ dữ liệu tải
F58: 4 | G58: Kiểm tra thời gian cập nhật
C60: F2_07 | D60: Xuất báo cáo dashboard | E60: Admin đã đăng nhập đang ở dashboard | F60: 1 | G60: Click nút "Export báo cáo" | I60: Xuất file pdf thành công và có thể mở file lên được | K60: Blocked | L60: Lý Sơn Yến Ngọc
F61: 2 | G61: Chọn định dạng pdf
F62: 3 | G62: Click dowload
F63: 4 | G63: Mở file pdf
A65: 4 | B65: F3.1 | C65: F3.1_00 | D65: Kiểm tra giao diện thêm sản phẩm | E65: Đã ở trang thêm sản phẩm | F65: 1 | G65: Vào quản lý sản phẩm | I65: Giao diện được thiết kế đúng theo yêu cầu | K65: Passed | L65: Lý Sơn Yến Ngọc
F66: 2 | G66: Chọn thêm sản phẩm
F67: 3 | G67: Check giao diện theo form | H67: form thêm sản phẩm
F68: 4 | G68: Check giao diện theo checkllist gui | H68: Checklist gui
B70: BACK | C70: F3.1_01 | D70: Kiểm tra thêm sản phẩm với đầy đủ thông tin hợp lệ | E70: Đăng nhập tài khoản admin (tentk:Admin1,mk:Admin) có quyền thêm sản phẩm | F70: 1 | G70: Vào trang quản lý sản phẩm | I70: Sản phẩm được tạo thành công, hiển thị thông báo "Thêm sản phẩm thành công" | K70: Passed | L70: Lý Sơn Yến Ngọc
F71: 2 | G71: Click nút thêm sản phẩm mới
F72: 3 | G72: Nhập tên sản phẩm | H72: Iphone 13
F73: 4 | G73: Chọn danh mục | H73: APPLE
F74: 5 | G74: Nhập giá | H74: 25000000
F75: 6 | G75: Upload hình ảnh | H75: tải từ máy lên(jpg)
F76: 7 | G76: Chọn màu sắc | H76: Hồng
F77: 8 | G77: Nhập mô tả chi tiết | H77: Iphone
F78: 9 | G78: Nhập số lượng tồn kho | H78: 50
F79: 10 | G79: Click lưu
C80: F3.1_02 | D80: Kiểm tra thêm sản phẩm với tên bị trùng | E80: Đã có sản phẩm cùng tên | F80: 1 | G80: Vào trang thêm sản phẩm | I80: Hiển thị lỗi "tên sản phẩm đã tồn tại " | K80: Failed | L80: Lý Sơn Yến Ngọc
F81: 2 | G81: Nhập tên sản phẩm đã tồn tại | H81: Iphone 13
F82: 3 | G82: Nhập các thông tin khác | H82: Danh mục: APPLE Giá: 25000000 Màu: hồng Nhập mô tả: chi tiết: iphone Nhập số lượng tồn kho: 50
F83: 4 | G83: Click lưu
C85: F3.1_03 | D85: Kiểm tra thêm sản phẩm với tên để trống | E85: Đăng nhập tài khoản admin (tentk:Admin1,mk:Admin) có quyền thêm sản phẩm | F85: 1 | G85: Vào trang thêm sản phẩm | I85: Hiển thị lỗi "Tên sản phẩm không được để trống" | K85: Passed | L85: Lý Sơn Yến Ngọc
F86: 2 | G86: Để trống tên, nhập các thông tin khác | H86: Tên: "" Danh mục: APPLE Giá: 25000000 Màu: hồng Nhập mô tả: chi tiết: iphone Nhập số lượng tồn kho: 50
F87: 3 | G87: Click lưu
C90: F3.1_04 | D90: Kiểm tra tên sản phẩm vượt quá độ dài cho phép | E90: Đăng nhập tài khoản admin (tentk:Admin1,mk:Admin) có quyền thêm sản phẩm | F90: 1 | G90: Vào trang thêm sản phẩm | I90: Hiển thị lỗi "Tên sản phẩm không được vượt quá 200 ký tự" | K90: Failed | L90: Lý Sơn Yến Ngọc
F91: 2 | G91: Nhập tên rất dài | H91: Iphone 13 Pro Max 256GB..." (250 ký tự)
F92: 3 | G92: Nhập các thông tin khác | H92: Danh mục: APPLE Giá: 25000000 Màu: hồng Nhập mô tả: chi tiết: iphone Nhập số lượng tồn kho: 50
F93: 4 | G93: Click lưu
C95: F3.1_05 | D95: Kiểm tra thêm sản phẩm khi không chọn danh mục | E95: Đăng nhập tài khoản admin (tentk:Admin1,mk:Admin) có quyền thêm sản phẩm | F95: 1 | G95: Vào trang thêm sản phẩm | I95: Hiển thị lỗi "Vui lòng chọn danh mục" | K95: Passed | L95: Lý Sơn Yến Ngọc
F96: 2 | G96: Để trống danh mục
F97: 3 | G97: Nhập các thông tin khác | H97: Tên sản phẩm: Iphone 13 Pro Max 256GB Giá: 25000000 Màu: hồng Nhập mô tả: chi tiết: iphone Nhập số lượng tồn kho: 50
F98: 4 | G98: Click lưu
C100: F3.1_06 | D100: Kiểm tra thêm sản phẩm với giá = 0 | E100: Đăng nhập tài khoản admin (tentk:Admin1,mk:Admin) có quyền thêm sản phẩm | F100: 1 | G100: Vào trang thêm sản phẩm | I100: Hiển thị lỗi "Giá sản phẩm phải lớn hơn 0" | K100: Failed | L100: Lý Sơn Yến Ngọc
F101: 2 | G101: Nhập giá = 0 | H101: Tên sản phẩm: Iphone 12 Pro Max 256GB Giá: 0 Màu: hồng Nhập mô tả: chi tiết: iphone Nhập số lượng tồn kho: 50
F102: 3 | G102: Click lưu
C105: F3.1_07 | D105: Kiểm tra nhập giá không phải số | E105: Đăng nhập tài khoản admin (tentk:Admin1,mk:Admin) có quyền thêm sản phẩm | F105: 1 | G105: Vào trang thêm sản phẩm | I105: Hiển thị lỗi "Giá phải là số" hoặc không cho nhập chữ hoặc hệ thống không cho nhập chữ | K105: Passed | L105: Lý Sơn Yến Ngọc
F106: 2 | G106: Nhập giá là chữ | H106: Tên sản phẩm: Iphone 12 Pro Max 256GB Giá: hai mươi triệu đồng Màu: hồng Nhập mô tả: chi tiết: iphone Nhập số lượng tồn kho: 50
F107: 3 | G107: Click lưu
C110: F3.1_09 | D110: Kiểm tra thêm sản phẩm với giá âm | E110: Đăng nhập tài khoản admin (tentk:Admin1,mk:Admin) có quyền thêm sản phẩm | F110: 1 | G110: Vào trang thêm sản phẩm | I110: Hiển thị lỗi giá phải lớn hơn 0 | K110: Passed | L110: Lý Sơn Yến Ngọc
F111: 2 | G111: Nhập giá âm | H111: -1000000000
F112: 3 | G112: Nhập các thông tin còn lại | H112: Tên sản phẩm: samsung galaxy s20 Danh mục: SAMSUNG Màu: đen Nhập mô tả: chi tiết: điện thoại thông minh Nhập số lượng tồn kho: 50
F113: 4 | G113: Click lưu
C115: F3.1_10 | D115: Kiểm tra thêm sản phẩm không có hình ảnh | E115: Đăng nhập tài khoản admin (tentk:Admin1,mk:Admin) có quyền thêm sản phẩm | F115: 1 | G115: Vào trang thêm sản phẩm | I115: Hiển thị lỗi vui lòng upload ít nhất 1 hình ảnh hoặc ẩn đi nút thêm sản phẩm | K115: Passed | L115: Lý Sơn Yến Ngọc
F116: 2 | G116: Nhập đầy đủ thông tin | H116: Tên sản phẩm: samsung galaxy s20 ultra Danh mục: SAMSUNG Giá: 20000000 Màu: đen Nhập mô tả: chi tiết: điện thoại thông minh Nhập số lượng tồn kho: 50
F117: 3 | G117: Không upload hình ảnh
F118: 4 | G118: Click lưu
C120: F3.1_11 | D120: Kiểm tra upload hình ảnh sai định dạng | E120: Đăng nhập tài khoản admin (tentk:Admin1,mk:Admin) có quyền thêm sản phẩm | F120: 1 | G120: Vào trang thêm sản phẩm | I120: Hiển thị lỗi chỉ chấp nhận file ảnh jpg, png, jpeg | J120: Failed(do kh thể upload file khác ảnh nên kh thể test); | K120: Passed | L120: Lý Sơn Yến Ngọc
F121: 2 | G121: Nhập đầy đủ thông tin | H121: Tên sản phẩm: samsung galaxy s21 ultra Danh mục: SAMSUNG Giá: 20000000 Màu: đen Nhập mô tả: chi tiết: điện thoại thông minh Nhập số lượng tồn kho: 50
F122: 3 | G122: Upload file không phải ảnh | H122: file.pdf
C125: F3.1_12 | D125: Kiểm tra upload ảnh vượt quá dung lượng cho phép | E125: Đăng nhập tài khoản admin (tentk:Admin1,mk:Admin) có quyền thêm sản phẩm | F125: 1 | G125: Vào trang thêm sản phẩm | I125: Hiển thị lỗi "Dung lượng ảnh không được vượt quá 5MB" | K125: Not executed | L125: Lý Sơn Yến Ngọc
F126: 2 | G126: Upload ảnh >5MB | H126: image_10MB.jpg
F127: 3 | G127: Click lưu
C130: F3.1_13 | D130: Kiểm tra thêm sản phẩm không chọn màu sắc | E130: Đăng nhập tài khoản admin (tentk:Admin1,mk:Admin) có quyền thêm sản phẩm | F130: 1 | G130: Vào trang thêm sản phẩm | I130: Hiển thị lỗi: "Vui lòng chọn màu cho sản phẩm" hoặc disable nút thêm sản phẩm | K130: Passed | L130: Lý Sơn Yến Ngọc
F131: 2 | G131: Nhập đầy đủ thông tin nhưng không chọn màu | H131: Tên sản phẩm: samsung galaxy s21 ultra Danh mục: SAMSUNG Giá: 20000000 Màu: " " Nhập mô tả: chi tiết: điện thoại thông minh Nhập số lượng tồn kho: 50
F132: 3 | G132: Click lưu
C135: F3.1_14 | D135: Kiểm tra thêm sản phẩm với số lượng = 0 | E135: Đăng nhập tài khoản admin (tentk:Admin1,mk:Admin) có quyền thêm sản phẩm | F135: 1 | G135: Vào trang thêm sản phẩm | I135: Sản phẩm được tạo với trạng thái "Hết hàng" | K135: Failed | L135: Lý Sơn Yến Ngọc
F136: 2 | G136: Nhập đầy đủ thông tin nhưng số lượng = 0 | H136: Tên sản phẩm: samsung galaxy s21 ultra Danh mục: SAMSUNG Giá: 20000000 Màu: đen Nhập mô tả: chi tiết: điện thoại thông minh Nhập số lượng tồn kho: 0
F137: 3 | G137: Click lưu
C140: F3.1_15 | D140: Kiểm tra nhập số lượng âm | E140: Đăng nhập tài khoản admin (tentk:Admin1,mk:Admin) có quyền thêm sản phẩm | F140: 1 | G140: Vào trang thêm sản phẩm | I140: Hiển thị lỗi "Số lượng phải >= 0" | K140: Passed | L140: Lý Sơn Yến Ngọc
F141: 2 | G141: Nhập đầy đủ thông tin nhưng số lượng âm | H141: Tên sản phẩm: samsung galaxy s21 ultra Danh mục: SAMSUNG Giá: 20000000 Màu: đen Nhập mô tả: chi tiết: điện thoại thông minh Nhập số lượng tồn kho: -1
...

Sheet GUI 1_Ngọc
B2: Nhiệm vụ: Test giao diện GUI của web admin (dựa vào cách trình bày của sheet GUI-APPLY LEAVE)
B5: Các phần test: Đăng ký - Đăng nhập - Quản lý sản phẩm - Quản lý danh mục - Quản lý màu sắc - Quản lý đơn hàng - Quản lý khách hàng (Test các giao diện thêm - xóa sửa)
B8: Bên dưới là bảng mẫu để làm - Khi làm kèm theo hình ảnh giao diện mà mình test bên cạnh bảng
B11: Mỗi hình tương ứng với mỗi bảng - bao nhiêu hình thì bấy nhiêu bảng - trình bày theo chiều ngang hoặc dọc
B17: ĐĂNG NHẬP ADMIN | D17: BACK REQUIRE | E17: BACK TC
B18: NO. | C18: INPUT FIELD | D18: DESCRIPTION | E18: CONSTRAINTS
B19: 1 | C19: Tên đăng nhập | D19: Trường đăng nhập tên tài khoản admin | E19: Bắt buộc nhập Không được để trống Không chỉ chứa khoảng trắng Độ dài tối thiểu: 3 ký tự (hoặc theo rule hệ thống) Độ dài tối đa: 255 ký tự Không cho phép ký tự đặc biệt (nếu hệ thống cấm) Tên đăng nhập phải tồn tại trong hệ thống Tự động trim khoảng trắng đầu/cuối
B20: 2 | C20: Mật khẩu | D20: Trường nhập mật khẩu đăng nhập admin | E20: Bắt buộc nhập Không được để trống Không chỉ chứa khoảng trắng Độ dài tối thiểu: 6 ký tự (hoặc theo rule hệ thống) Độ dài tối đa: 255 ký tự Mật khẩu phải khớp với tài khoản
B21: 3 | C21: Button "Đăng nhập" | D21: Nút submit form để thực hiện đăng nhập | E21: Chỉ active khi Tên đăng nhập và Mật khẩu hợp lệ Khi click: hiển thị loading / disable nút Validate lại toàn bộ dữ liệu ở backend Nếu thành công: chuyển về trang Dashboard Nếu thất bại: hiển thị thông báo lỗi cụ thể Không cho phép click nhiều lần liên tục
B22: 4 | C22: Form Validation | D22: Xác thực toàn bộ form trước khi submit | E22: Validate realtime khi người dùng nhập/rời field Hiển thị thông báo lỗi ngay bên dưới field có lỗi Không cho phép submit khi còn lỗi Thông báo lỗi rõ ràng, dễ hiểu để người dùng biết cách sửa
B23: 5 | C23: Permission check | D23: Kiểm tra quyền truy cập trang đăng nhập admin | E23: Chỉ user có quyền “Admin” mới đăng nhập thành công User không có quyền → hiển thị lỗi hoặc redirect phù hợp Nếu đã đăng nhập và truy cập lại trang login → chuyển về Dashboard Kiểm tra quyền cả ở frontend và backend
B29: ĐĂNG KÝ ADMIN | D29: BACK REQUIRE | E29: BACK TC
B30: NO. | C30: INPUT FIELD | D30: DESCRIPTION | E30: CONSTRAINTS
B31: 1 | C31: Họ và tên | D31: Trường nhập họ và tên của admin | E31: Bắt buộc nhập Không được để trống Không chứa ký tự đặc biệt hoặc số Độ dài tối thiểu: 3 ký tự Độ dài tối đa: 255 ký tự
B32: 2 | C32: Tên đăng nhập | D32: Trường nhập tên đăng nhập | E32: Bắt buộc nhập Không được để trống Không chứa ký tự đặc biệt Độ dài tối thiểu: 3 ký tự Độ dài tối đa: 50 ký tự Tên đăng nhập phải là duy nhất trong hệ thống
B33: 3 | C33: CMND/CCCD | D33: Trường nhập số CMDN hoặc số CCCD | E33: Bắt buộc nhập Không được để trống Chỉ chứa chữ số Độ dài: 9 hoặc 12 chữ số Không được chứa ký tự chữ hoặc ký tự đặc biệt
B34: 4 | C34: Vai trò | D34: Dropdown chọn vai trò | E34: Bắt buộc chọn Không được để trống Phải chọn 1 trong các giá trị có sẵ
B35: 5 | C35: Mật khẩu | D35: Trường nhập mật khẩu | E35: Bắt buộc nhập Không được để trống Độ dài tối thiểu: 6 ký tự Độ dài tối đa: 50 ký tự Khuyến khích chứa chữ hoa, chữ thường, số
B36: 6 | C36: Xác nhận mật khẩu | D36: Trường nhập lại mật khẩu để xác nhận | E36: Bắt buộc nhập Không được để trống Phải trùng khớp với mật khẩu đã nhập ở trường “Mật khẩu”
B42: THÊM SẢN PHẨM MỚI | D42: BACK REQUIRE | E42: BACK TC
B43: NO. | C43: INPUT FIELD | D43: DESCRIPTION | E43: CONSTRAINTS
B44: 1 | C44: Tên sản phẩm | D44: Trường nhập tên sản phẩm | E44: Bắt buộc nhập. Không được để trống Không được chứa ký tự đặc biệt Độ dài tối thiểu: 3 ký tự Độ dài tối đa: 255 ký tự Tên sản phẩm phải là duy nhất trong hệ thống
B45: 2 | C45: Danh mục | D45: Dropdown chọn danh mục sản phẩm | E45: Bắt buộc chọn từ danh sách Chỉ hiển thị các danh mục đang có trong hệ thống Nếu chưa có danh mục nào thì hiển thị thông báo tạo danh mục trước
B46: 3 | C46: Giá | D46: Trường nhập giá bán sản phẩm | E46: Bắt buộc nhập Chỉ nhập số nguyên dương hoặc 0 Giá trị tối thiểu: 0 Giá trị tối đa: 999.999.999 Không cho phép nhập chữ hoặc ký tự đặc biệt Tự động format hiển thị theo định dạng tiền (VD: 1,000,000 VNĐ)
B47: 4 | C47: Số lượng tồn | D47: Trường nhập số lượng tồn kho ban đầu | E47: Bắt buộc nhập Chỉ nhập số nguyên dương hoặc 0 Giá trị tối thiểu: 0 Giá trị tối đa: 999.999.999 Không cho phép nhập chữ hoặc ký tự đặc biệt
B48: 5 | C48: Chương trình giảm giá | D48: Dropdown chọn chương trình giảm giá áp dụng | E48: Không bắt buộc Chỉ hiển thị các chương trình giảm giá đang active và còn hạn Nếu chọn chương trình giảm giá, giá hiển thị trên web sẽ được tính lại theo chương trình Một sản phẩm chỉ được áp dụng tối đa 1 chương trình giảm giá Chương trình giảm giá được quản lý trong module Quản lý chương trình giảm giá
B49: 6 | C49: Mô tả ngắn | D49: Trường nhập mô tả ngắn gọn về sản phẩm | E49: Không bắt buộc Độ dài tối đa: 500 ký tự Mô tả ngắn sẽ hiển thị tren trang danh sách sản phẩm Không cho phép HTML tags để tránh XSS Có thể chứa emoji
B50: 7 | C50: Mô tả chi tiết | D50: Trường nhập mô tả chi tiết đầy đủ về sản phẩm | E50: Không bắt buộc Độ dài tối đa: 5000 ký tự Mô tả ngắn sẽ hiển thị trên trang chi tiết sản phẩm Không cho phép HTML tags để tránh XSS Có thể chứa emoji Có thể hỗ trợ text editor để format text (bold, italic…)
B51: 8 | C51: Chọn màu | D51: Dropdown chọn màu sắc có sẵn cho sản phẩm | E51: Bắt buộc chọn ít nhất 1 màu Chỉ hiển thị các màu đã được thiết lập trong module quản lý màu sắc Có thể chọn nhiều màu khác nhau cho 1 sản phẩm Mỗi màu phải có ít nhất 1 hình ảnh đi kèm Không được chọn trùng màu trong cùng 1 sản phẩm
B52: 9 | C52: Nút X | D52: Nút xóa màu đã chọn | E52: Chỉ hiển thị khi đã chọn màu Click để xóa màu và các hình ảnh liên quan Nếu chỉ còn 1 màu duy nhất không cho phép xóa Xóa màu sẽ xóa luôn tất cả hình ảnh upload cho màu đó
B53: 10 | C53: Image Upload | D53: Khu vực upload ảnh cho từng màu sắc | E53: Bắt buộc upload ít nhất 1 hình cho mỗi màu Chấp nhận định dạng: PNG, JPG, JPEG Kích thước file tối đa: 10Mb/ảnh Khuyến nghị kích thước ảnh: 800x800px Có thể upload tối đa 10 ảnh cho 1 màu Ảnh đầu tiên sẽ là ảnh đại diện chính Hệ thống tự động resize và optimize ảnh khi lưu
B54: 11 | C54: Button "Thêm màu sắc" | D54: Nút thêm thêm một màu sắc mới cho sản phẩm | E54: Chỉ active khi màu hiện tại đã được chọn và có ít nhất 1 hình ảnh Click để thêm row mới chọn màu và upload ảnh Tối đã có thể thêm 10 màu cho 1 sản phẩm Mỗi màu mới thêm phải khác với các màu đã chọn trước đó
B55: 12 | C55: Button "Thêm sản phẩm" | D55: Nút submit form để lưu sản phẩm mới vào hệ thống | E55: Chỉ active khi tất cả các trường bắt buộc đã nhập hợp lệ: + Tên sản phẩm đã nhập + Danh mục đã chọn + Giá đã nhập hợp lệ + Số lượng tồn đã nhập + Ít nhất 1 màu đã chọn + Mỗi màu có ít nhất 1 hình ảnh Hiển thị loading indicator Validate lại tất cả dữ liệu ở backenđ Nếu thành công: Chuyển về trang danh sách sản phẩm Nếu lỗi: Hiển thị thông báo lỗi cụ thể Không cho phép submit nhiều lần
... B57: 14 | C57: Permission check | D57: Kiểm tra quyền thêm sản phẩm | E57: User phải có quyền "Thêm sản phẩm" mới được truy cập trang này Nếu không có quyền, rediret về trang dashboard với thông báo lỗi Kiểm tra quyền cả ở frontend và backend
B63: CHỈNH SỬA SẢN PHẨM | D63: BACK REQUIRE | E63: BACK TC
B64: NO. | C64: INPUT FIELD | D64: DESCRIPTION | E64: CONSTRAINTS
B65: 1 | C65: Tên sản phẩm | D65: Trường nhập tên sản phẩm | E65: Bắt buộc nhập Không được để trống Không được chứa ký tự đặc biệt Độ dài tối thiểu: 3 ký tự Độ dài tối đa: 255 ký tự Tên sản phẩm phải là duy nhất trong hệ thống
B66: =B65+1 -> 2 | C66: Danh mục | D66: Dropdown chọn danh mục sản phẩm | E66: Bắt buộc chọn từ danh sách Chỉ hiển thị các danh mục đang có trong hệ thống Nếu chưa có danh mục nào thì hiển thị thông báo tạo danh mục trước
B67: =B66+1 -> 3 | C67: Giá | D67: Trường nhập giá bán sản phẩm | E67: Bắt buộc nhập Chỉ nhập số nguyên dương hoặc 0 Giá trị tối thiểu: 0 Giá trị tối đa: 999.999.999 Không cho phép nhập chữ hoặc ký tự đặc biệt Tự động format hiển thị theo định dạng tiền tệ
B68: =B67+1 -> 4 | C68: Số lượng tồn kho | D68: Trường nhập số lượng tồn kho ban đầu | E68: Bắt buộc nhập Chỉ nhập số nguyên dương hoặc 0 Giá trị tối thiểu: 0 Giá trị tối đa: 999.999.999 Không cho phép nhập chữ hoặc ký tự đặc biệt
B69: =B68+1 -> 5 | C69: Chương trình giảm giá | D69: Dropdown chọn chương trình giảm giá | E69: Không bắt buộc Chỉ hiển thị các chương trình giảm giá đang active và còn hạn Nếu chọn chương trình giảm giá, giá hiển thị sẽ được tính lại Một sản phẩm chỉ áp dụng tối đa 1 chương trình giảm giá
B70: =B69+1 -> 6 | C70: Mô tả ngắn | D70: Trường nhập mô tả ngắn gọn về sản phẩm | E70: Không bắt buộc Độ dài tối đa: 500 ký tự Hiển thị trên trang danh sách sản phẩm Không cho phép HTML tags Có thể chứa emoji
B71: =B70+1 -> 7 | C71: Mô tả chi tiết | D71: Trường nhập mô tả chi tiết đầy đủ về sản phẩm | E71: Không bắt buộc Độ dài tối đa: 5000 ký tự Hiển thị trên trang chi tiết sản phẩm Không cho phép HTML tags Có thể chứa emoji Có thể hỗ trợ text editor để format (bold, italic…)
B72: =B71+1 -> 8 | C72: Chọn màu | D72: Dropdown chọn màu sắc có sẵn cho sản phẩm | E72: Bắt buộc chọn ít nhất 1 màu Chỉ hiển thị các màu đã được thiết lập Có thể chọn nhiều màu Không được chọn trùng màu trong cùng 1 sản phẩm
B73: =B72+1 -> 9 | C73: Ảnh hiện có | D73: Danh sách ảnh đã upload cho từng màu | E73: Hiển thị ảnh theo từng màu Cho phép xóa ảnh Nếu xóa toàn bộ ảnh của 1 màu thì màu đó không hợp lệ Ảnh đầu tiên là ảnh đại diện
B74: =B73+1 -> 10 | C74: Thêm ảnh mới | D74: Upload ảnh bổ sung cho từng màu | E74: Bắt buộc có ít nhất 1 ảnh/màu Chấp nhận PNG, JPG, JPEG Kích thước tối đa 10MB/ảnh Tối đa 10 ảnh/màu Hệ thống tự resize và optimize ảnh
B75: =B74+1 -> 11 | C75: Thêm màu sắc (Button) | D75: Nút thêm một màu mới | E75: Chỉ active khi màu hiện tại đã chọn và có ít nhất 1 hình Tối đa 10 màu / sản phẩm Màu mới phải khác các màu đã chọn
B76: =B75+1 -> 12 | C76: Cập nhật sản phẩm (Button) | D76: Lưu thay đổi sản phẩm | E76: Chỉ active khi tất cả các trường bắt buộc hợp lệ Validate lại tất cả dữ liệu ở backend Nếu thành công: chuyển về trang danh sách sản phẩm Nếu lỗi: hiển thị thông báo lỗi cụ thể Không cho phép submit nhiều lần Hiển thị loading indicator
B77: =B76+1 -> 13 | C77: Huỷ (Button) | D77: Huỷ thao tác chỉnh sửa | E77: Không yêu cầu validate dữ liệu Có thể hiển thị popup xác nhận nếu có thay đổi chưa lưu Chuyển về trang danh sách sản phẩm
B78: =B77+1 -> 14 | C78: Quay lại danh sách (Button) | D78: Nút điều hướng về trang danh sách sản phẩm | E78: Không yêu cầu validate dữ liệu Chuyển trang ngay lập tức Có thể hiển thị popup xác nhận nếu có thay đổi chưa lưu
B79: 15 | C79: Xoá màu (Button thùng rác) | D79: Nút xoá màu đã chọn | E79: Chỉ hiển thị khi đã chọn màu Click để xóa màu và hình ảnh liên quan Nếu chỉ còn 1 màu thì không cho phép xóa
B80: 16 | C80: Form validation | D80: Xác thực toàn bộ form | E80: Validate realtime khi người dùng nhập/chọn dữ liệu Hiển thị thông báo lỗi ngay bên dưới field có lỗi Không cho phép submit khi còn lỗi Các lỗi phải rõ ràng, dễ hiểu
B81: 17 | C81: Permission check | D81: Kiểm tra quyền chỉnh sửa/ xoá sản phẩm | E81: User phải có quyền “Chỉnh sửa sản phẩm” mới được truy cập trang User phải có quyền “Xóa sản phẩm” để dùng nút thùng rác Nếu không có quyền, redirect về dashboard và hiển thị thông báo lỗi Kiểm tra quyền cả frontend và backend
B89: THÊM DANH MỤC | D89: BACK REQUIRE | E89: BACK TC
B90: NO. | C90: INPUT FIELD | D90: DESCRIPTION | E90: CONSTRAINTS
B91: 1 | C91: Tên danh mục | D91: Trường nhập tên danh mục | E91: Bắt buộc nhập Không được để trống Không được chứa ký tự đặc biệt Độ dài tối thiểu: 3 ký tự Độ dài tối đa: 255 ký tự Tên danh mục phải là duy nhất trong hệ thống
B92: 2 | C92: Huỷ (Button) | D92: Đóng form, không lưu dữ liệu | E92: Không có ràng buộc dữ liệu
B93: 3 | C93: Lưu (Button) | D93: Lưu danh mục mới vào hệ thống | E93: Chỉ được nhấn khi trường “Tên danh mục” hợp lệ
B100: SỬA DANH MỤC | D100: BACK REQUIRE | E100: BACK TC
B101: NO. | C101: INPUT FIELD | D101: DESCRIPTION | E101: CONSTRAINTS
B102: 1 | C102: Tên danh mục | D102: Trường chỉnh sửa tên danh mục | E102: ắt buộc nhập Không được để trống Không được chứa ký tự đặc biệt Độ dài tối thiểu: 3 ký tự Độ dài tối đa: 255 ký tự Tên danh mục phải là duy nhất trong hệ thống
B103: 2 | C103: Huỷ (Button) | D103: Đóng form, không lưu dữ liệu | E103: Không có ràng buộc dữ liệu
B104: 3 | C104: Lưu (Button) | D104: Lưu thay đổi danh mục | E104: Chỉ được nhấn khi trường “Tên danh mục” hợp lệ
B112: THÊM MÀU MỚI | D112: BACK REQUIRE
B113: NO. | C113: INPUT FIELD | D113: DESCRIPTION | E113: CONSTRAINTS
B114: 1 | C114: Tên màu | D114: Trường nhập tên màu mới | E114: Bắt buộc nhập Không được để trống Không được chứa ký tự đặc biệt ngoài # nếu là mã màu Độ dài tối thiểu: 3 ký tự Độ dài tối đa: 100 ký tự Tên màu phải là duy nhất trong hệ thống
B115: 2 | C115: Huỷ (Button) | D115: Đóng form, không lưu dữ liệu | E115: Không có ràng buộc dữ liệu
B116: 3 | C116: Lưu (Button) | D116: Lưu màu mới vào hệ thống | E116: Chỉ được nhấn khi trường “Tên màu” hợp lệ
B122: SỬA MÀU | D122: BACK REQUIRE | E122: BACK TC
B123: NO. | C123: INPUT FIELD | D123: DESCRIPTION | E123: CONSTRAINTS
B124: 1 | C124: Tên màu | D124: Trường chỉnh sửa tên/mã màu | E124: Bắt buộc nhập Không được để trống Không được chứa ký tự đặc biệt ngoài “#” nếu là mã màu Độ dài tối thiểu: 3 ký tự Độ dài tối đa: 100 ký tự Tên/mã màu phải là duy nhất trong hệ thống
B125: 2 | C125: Huỷ (Button) | D125: Đóng form, không lưu dữ liệu | E125: Không có ràng buộc dữ liệu
B126: 3 | C126: Lưu (Button) | D126: Lưu thay đổi màu vào hệ thống | E126: Chỉ được nhấn khi trường “Tên màu” hợp lệ
B133: TẠO ĐƠN HÀNG | D133: BACK REQUIRE | E133: BACK TC
B134: NO. | C134: INPUT FIELD | D134: DESCRIPTION | E134: CONSTRAINTS
B135: 1 | C135: Khách hàng | D135: Chọn khách hàng tạo đơn hàng | E135: Bắt buộc chọn, không được để trống
B136: =1+B135 -> 2 | C136: Đại chỉ giao hàng | D136: Chọn địa chỉ giao hàng của khách hàng | E136: Bắt buộc chọn, không được để trống
B137: =1+B136 -> 3 | C137: Phương thức thanh toán | D137: Chọn phương thức thanh toán | E137: Bắt buộc chọn, không được để trống
B138: =1+B137 -> 4 | C138: Trạng thái | D138: Chọn trạng thái đơn hàng | E138: Giá trị mặc định: “Đang xử lý”, các trạng thái hợp lệ
B139: =1+B138 -> 5 | C139: Sản phẩm | D139: Chọn sản phẩm để thêm vào đơn hàng | E139: Bắt buộc chọn
B140: =1+B139 -> 6 | C140: Màu sắc | D140: Chọn màu của sản phẩm (theo tồn kho) | E140: Bắt buộc chọn
B141: =1+B140 -> 7 | C141: Số lượng | D141: Nhập số lượng sản phẩm | E141: Bắt buộc nhập, tối thiểu: 1, không vượt tồn kho
B142: =1+B141 -> 8 | C142: Đơn giá | D142: Giá sản phẩm theo màu | E142: Tự động hiển thị, không cho sửa
B143: =1+B142 -> 9 | C143: Thành tiền | D143: Số tiền = Số lượng × Đơn giá | E143: Tự động tính, không cho sửa
B144: =1+B143 -> 10 | C144: Thêm sản phẩm (Button) | D144: Thêm dòng sản phẩm mới | E144: Không có ràng buộc dữ liệu
B145: =1+B144 -> 11 | C145: Xoá sản phẩm (Button - icon X) | D145: Xoá dòng sản phẩm hiện tại | E145: Không có ràng buộc dữ liệu
B146: =1+B145 -> 12 | C146: Tổng tiền | D146: Tổng giá trị toàn bộ đơn hàng | E146: Tự động tính, không cho sửa
B147: =1+B146 -> 13 | C147: Ghi chú | D147: Nhập ghi chứ (nếu có) | E147: Không bắt buộc
... B150: =1+B149 -> 16 | C150: Quay lại (Button) | D150: Quay về danh sách đơn hàng | E150: Không thay đổi dữ liệu
B158: SỬA ĐƠN HÀNG | D158: BACK REQUIRE | E158: BACK TC
B159: NO. | C159: INPUT FIELD | D159: DESCRIPTION | E159: CONSTRAINTS
B160: 1 | C160: Mã đơn hàng | D160: Mã định danh duy nhất của đơn hàng | E160: Tự sinh, không chỉnh sửa, định dạng #ID
B161: 2 | C161: Ngày đặt | D161: Ngày khách hàng đặt đơn | E161: Bắt buộc, định dạng dd/MM/yyyy HH:mm , không được lớn hơn ngày hiện tại
B162: 3 | C162: Khách hàng | D162: Tên khách hàng đặt hàng | E162: Bắt buộc, tối đa 100 ký tự, không chứa ký tự đặc biệt
B163: 4 | C163: Tổng tiền | D163: Tổng giá trị đơn hàng | E163: Tự động tính từ chi tiết sản phẩm, không nhập tay
B164: 5 | C164: Trạng thái đơn hàng | D164: Trạng thái hiện tại của đơn | E164: Dropdown: “Chờ xử lý”, “Đang xử lý”, “Hoàn thành”, “Đã hủy”, “Hoàn tiền” — bắt buộc chọn 1
B165: 6 | C165: Phương thức thanh toán | D165: Cách khách hàng thanh toán | E165: Dropdown: “Tiền mặt”, “Chuyển khoản”, “Ví điện tử”, “Thẻ tín dụng” — bắt buộc chọn
B166: 7 | C166: Ghi chú đơn hàng | D166: Ghi chú nội bộ hoặc của khách | E166: Không bắt buộc, tối đa 255 ký tự
B167: 8 | C167: Tên sản phẩm | D167: Tên sản phẩm trong đơn | E167: Hiển thị, không chỉnh sửa
B168: 9 | C168: Màu sắc | D168: Tùy chọn màu của sản phẩm | E168: Hiển thị, có thể sửa nếu được phép
...

Sheet GUI2_Quân
B2: Nhiệm vụ: Test giao diện GUI của web customer và web admin (dựa vào cách trình bày của sheet GUI-APPLY LEAVE)
B5: Các phần test: Web Customer: Trang chủ - Trang đăng nhập - Trang đăng ký - Trang sản phẩm
B8: Các phần test: Web Admin: Quản lý gói thành viên - Quản lý coupon - Quản lý bảo hành (giao diện thêm - sửa xóa) - Thông tin cá nhân
B11: Bên dưới là bảng mẫu để làm - Khi làm kèm theo hình ảnh giao diện mà mình test bên cạnh bảng
B14: Mỗi hình tương ứng với mỗi bảng - bao nhiêu hình thì bấy nhiêu bảng - trình bày theo chiều ngang hoặc dọc
B21: ĐĂNG NHẬP CUSTOMER | D21: BACK REQUIRE | E21: BACK TC
B22: NO. | C22: INPUT FIELD | D22: DESCRIPTION | E22: CONSTRAINTS
B23: 1 | C23: Email | D23: Trường nhập email của người dùng | E23: - Bắt buộc nhập - Không được để trống - Phải đúng định dạng email (VD: tên@domain.com) - Không cho phép ký tự đặc biệt hoặc khoảng trắng đầu/cuối - Độ dài tối đa: 254 ký tự - Không hiển thị lỗi chi tiết để tránh lộ thông tin
B24: 2 | C24: Mật khẩu | D24: Trường nhập mật khẩu | E24: - Bắt buộc nhập - Không được để trống - Độ dài tối thiểu: 8 ký tự - Độ dài tối đa: 128 ký tự - Không cho phép khoảng trắng đầu/cuối - Không hiển thị mật khẩu dạng plaintext
B25: 3 | C25: Ghi nhớ đăng nhập | D25: Checkbox lưu trạng thái đăng nhập | E25: - Không bắt buộc - Nếu chọn, lưu token tạm thời, không lưu mật khẩu - Phải có cảnh báo “Không nên sử dụng trên máy công cộng”
B26: 4 | C26: Button “Đăng nhập” | D26: Nút gửi form đăng nhập | E26: - Chỉ active khi Email và Mật khẩu hợp lệ - Có trạng thái loading khi gửi - Không cho click nhiều lần - Validate lại ở backend - Nếu thành công: chuyển qua trang chủ - Nếu lỗi: hiển thị “Email hoặc mật khẩu không đúng”
B27: 5 | C27: Link “Quên mật khẩu?” | D27: Liên kết đến trang khôi phục mật khẩu | E27: - Không bắt buộc - Phải mở form nhập email và gửi link khôi phục - Không tiết lộ email có tồn tại hay không
B28: 6 | C28: Link “Tạo tài khoản mới” | D28: Liên kết sang trang đăng ký tài khoản | E28: - Không bắt buộc - Chuyển hướng sang trang đăng ký - Nếu đã đăng nhập, tự động về dashboard
B29: 7 | C29: Chọn phương thức đăng nhập | D29: Cho phép người dùng chọn đăng nhập bằng Email / Số điện thoại / Tên người dùng. | E29: Tối đa 1 trường được nhập. Không bắt buộc nếu auto detect.
B30: 8 | C30: Tùy chọn “Ẩn / Hiện” mật khẩu | D30: Biểu tượng con mắt để xem hoặc ẩn mật khẩu. | E30: Không bắt buộc.
B31: 9 | C31: Cảnh báo khi dùng mật khẩu yếu | D31: Kiểm tra độ mạnh mật khẩu khi nhập. | E31: Thông báo realtime (Yếu / Trung bình / Mạnh).
B32: 10 | C32: Gợi ý đổi mật khẩu định kỳ | D32: Nhắc nhở đổi mật khẩu sau 90 ngày. | E32: Không bắt buộc, tùy chọn trong cài đặt tài khoản.
B33: 11 | C33: Đăng nhập bằng Google / Facebook (Button) | D33: Cho phép đăng nhập nhanh bằng mạng xã hội | E33: • Không bắt buộc • Tích hợp OAuth 2.0 • Khi thành công sẽ tự động tạo tài khoản nếu chưa có
B34: 12 | C34: Hiển thị logo + tên thương hiệu | D34: Gắn logo website trong form login để tăng độ tin cậy. | E34: Không bắt buộc, tùy chỉnh giao diện.
... B40: 18 | C40: Banner ưu đãi / khuyến mãi nhỏ | D40: Gợi ý đăng ký tài khoản để nhận ưu đãi | E40: • Không bắt buộc • Nội dung có thể thay đổi theo chiến dịch marketing
B43: ĐĂNG KÝ CUSTOMER | D43: BACK REQUIRE | E43: BACK TC
B44: NO. | C44: INPUT FIELD | D44: DESCRIPTION | E44: CONSTRAINTS
B45: 1 | C45: Họ | D45: Trường nhập họ của người dùng | E45: - Bắt buộc nhập. Không được để trống. Không chứa số hoặc ký tự đặc biệt. Độ dài tối đa: 50 ký tự.
B46: 2 | C46: Tên | D46: Trường nhập tên người dùng | E46: - Bắt buộc nhập. Không được để trống. Không chứa ký tự đặc biệt hoặc số. Độ dài tối đa: 50 ký tự.
B47: 3 | C47: Email | D47: Trường nhập email người dùng | E47: - Bắt buộc nhập. Phải đúng định dạng tên@domain.com. Không có khoảng trắng hoặc ký tự lạ. Độ dài tối đa 254 ký tự. Email phải là duy nhất trong hệ thống.
B48: 4 | C48: Số điện thoại | D48: Trường nhập số điện thoại của người dùng | E48: - Bắt buộc nhập. Chỉ chấp nhận ký tự số (0–9). Độ dài: 9–11 ký tự. Không cho phép ký tự chữ hoặc dấu.
B49: 5 | C49: Mật khẩu | D49: Trường nhập mật khẩu đăng ký | E49: - Bắt buộc nhập. Tối thiểu 6 ký tự (nên 8). Tối đa 128 ký tự. Không có khoảng trắng đầu/cuối. Nên có 1 chữ hoa, 1 chữ thường, 1 số. Không hiển thị plaintext.
B50: 6 | C50: Xác nhận mật khẩu | D50: Trường nhập lại mật khẩu để xác thực | E50: - Bắt buộc nhập. Phải trùng khớp hoàn toàn với ô “Mật khẩu”. Không có khoảng trắng.
B51: 7 | C51: Checkbox “Tôi đồng ý với Điều khoản & Chính sách bảo mật”” | D51: Xác nhận điều khoản và chính sách bảo mật | E51: - Bắt buộc chọn trước khi nhấn “Đăng ký”. Liên kết “Điều khoản…” phải mở được trang quy định.
B52: 8 | C52: Button “Đăng ký” | D52: Nút gửi form tạo tài khoản | E52: - Chỉ được active khi toàn bộ trường hợp lệ & checkbox được chọn. Có trạng thái loading khi gửi. Không cho phép click nhiều lần.
B53: 9 | C53: Link “Đăng nhập ngay” | D53: Dẫn sang trang đăng nhập cho người đã có tài khoản | E53: - Không bắt buộc. Khi người dùng đã đăng nhập → nên redirect sang dashboard.
B54: 10 | C54: Họ và tên | D54: Trường nhập họ và tên đầy đủ của người dùng. Dùng để thay thế hai trường riêng biệt “Họ” và “Tên”. | E54: Bắt buộc nhập. Không được để trống. Không chứa ký tự đặc biệt hoặc số. Độ dài tối đa 100 ký tự.
B55: 11 | C55: Tên hiển thị (Username / Display Name) | D55: Tên hiển thị công khai của người dùng trong hệ thống. | E55: Bắt buộc nhập. Độ dài tối đa 50 ký tự. Không chứa ký tự đặc biệt, không khoảng trắng đầu/cuối.
B56: 12 | C56: Địa chỉ nhận hàng | D56: Nhập địa chỉ giao hàng chi tiết (số nhà, đường, phường/xã, quận/huyện, tỉnh/thành) | E56: Bắt buộc nhập. Cho phép nhập tối đa 255 ký tự. Có thể hỗ trợ gợi ý tự động địa chỉ.
... B63: 19 | C63: Liên kết đăng ký nhanh (Google / Facebook / Apple) | D63: Cho phép người dùng đăng ký nhanh qua tài khoản mạng xã hội. | E63: Không bắt buộc. Khi người dùng chọn liên kết này, hệ thống tự động lấy email xác minh hợp lệ.
B68: THÊM GÓI THÀNH VIÊN | D68: BACK REQUIRE | E68: BACK TC
B69: NO. | C69: INPUT FIELD | D69: DESCRIPTION | E69: CONSTRAINTS
B70: 1 | C70: Tên gói thành viên | D70: Trường nhập tên gói (ví dụ: Vàng, Bạc) | E70: - Bắt buộc nhập - Không được để trống - Không chứa chỉ toàn khoảng trắng - Không chứa ký tự đặc biệt nghi vấn (<>/;--…) — chỉ cho phép chữ, số, dấu gạch, dấu cách - Độ dài tối thiểu: 3 ký tự - Độ dài tối đa: 100 ký tự - Tên gói phải là duy nhất trong hệ thống - Loại bỏ khoảng trắng đầu/cuối trước khi lưu - Hiển thị lỗi: Vui lòng nhập tên gói khi rỗng - Hiển thị lỗi: Tên gói đã tồn tại khi trùng (không tiết lộ thông tin nhạy cảm)
B71: 2 | C71: Mô tả | D71: Trường textarea mô tả chi tiết gói | E71: - Không bắt buộc - Độ dài tối đa: 1000 ký tự (hoặc config 5000 tuỳ hệ thống) - Không cho phép HTML tags chưa lọc để tránh XSS — escape hoặc sanitize trước khi hiển thị - Có thể chứa emoji - Hiển thị lỗi: Mô tả quá dài (tối đa 1000 ký tự) nếu vượt
B72: 3 | C72: Phần trăm giảm giá (%) | D72: Trường nhập phần trăm chiết khấu áp dụng cho gói | E72: - Bắt buộc nhập (nếu gói có giảm giá) hoặc không bắt buộc tuỳ chính sách - Chỉ nhập số (số nguyên hoặc hỗ trợ 1–2 chữ số thập phân tuỳ yêu cầu) - Giá trị tối thiểu: 0 - Giá trị tối đa: 100 - Không cho phép ký tự chữ hoặc ký tự đặc biệt khác - Tự validate boundary ở frontend và backend - Hiển thị lỗi: Phần trăm giảm giá phải là số từ 0 đến 100 khi vượt giới hạn hoặc không phải số
B73: 4 | C73: Chi tiêu tối thiểu (VND) | D73: Giá trị tối thiểu khách phải tiêu để áp dụng gói | E73: - Không bắt buộc (tuỳ chính sách) hoặc bắt buộc nếu gói yêu cầu chi tiêu tối thiểu - Chỉ nhập số nguyên dương hoặc 0 - Giá trị tối thiểu: 0 - Giá trị tối đa: 999.999.999 (hoặc theo business rule) - Không cho phép ký tự chữ, dấu chấm/shift sai (nên format hiển thị tiền tự động: 1.000.000 VNĐ) - Hiển thị lỗi: Chi tiêu tối thiểu phải là số nguyên không âm nếu input sai - Validate cả frontend và backend để tránh bypass bằng request thủ công
B74: 5 | C74: Kích hoạt gói thành viên (checkbox) | D74: Checkbox bật/tắt trạng thái active của gói | E74: - Không bắt buộc (checkbox mặc định: checked = active hoặc theo policy) - Không cho phép kích hoạt gói nếu thiếu các ràng buộc quan trọng (ví dụ không có tên gói hoặc phần trăm giảm không hợp lệ) - Thay đổi trạng thái phải được persist ở backend và có audit log - UI nên hiển thị trạng thái rõ ràng (Active / Inactive)
B75: 6 | C75: Button “Thêm” | D75: Nút submit form để tạo gói | E75: - Chỉ active khi tất cả các trường bắt buộc hợp lệ (tên gói hợp lệ, phần trăm hợp lệ nếu là bắt buộc, chi tiêu tối thiểu hợp lệ nếu có) - Hiển thị loading indicator khi gửi và disable để tránh double submit - Validate lại toàn bộ dữ liệu ở backend trước khi lưu - Nếu thành công: trả về thông báo Thêm gói thành công và làm mới danh sách gói - Nếu lỗi: hiển thị thông báo lỗi cụ thể (ví dụ: Tên gói đã tồn tại) dưới form hoặc toast - Không cho phép submit nhiều lần hoặc duplicate request
B76: 7 | C76: Button “Hủy” | D76: Nút huỷ modal/form, không lưu | E76: - Đóng modal mà không lưu dữ liệu - Nên có confirm nếu form đã nhập dữ liệu (ví dụ: Bạn có chắc muốn hủy? Dữ liệu chưa lưu sẽ mất.) để tránh mất dữ liệu vô tình - Nếu confirm, huỷ và reset form
B77: 8 | C77: Tự động kiểm tra trùng lặp | D77: Kiểm tra tên gói trong database | E77: • Backend phải kiểm tra trước khi lưu • Nếu trùng → thông báo lỗi ngay trên form
B78: 9 | C78: Giá gói (VNĐ) | D78: Mức phí khi khách hàng đăng ký gói | E78: Bắt buộc, định dạng tiền tệ VNĐ, không âm
B79: 10 | C79: Loại gói thành viên | D79: Phân loại theo nhóm (Cơ bản, Nâng cao, VIP, Doanh nghiệp...) | E79: Bắt buộc chọn từ danh sách có sẵn
B80: 11 | C80: Quyền lợi chính | D80: Tóm tắt các quyền lợi nổi bật của gói | E80: Bắt buộc, tối đa 500 ký tự
B81: 12 | C81: Danh sách dịch vụ kèm theo | D81: Liệt kê các dịch vụ đi kèm gói | E81: Không bắt buộc, có thể chọn nhiều từ danh sách dịch vụ
... B88: 19 | C88: Trợ giúp nhanh (Help icon) | D88: Biểu tượng “?” nhỏ mở pop-up hướng dẫn | E88: • Giải thích cách thêm gói, ý nghĩa các trường
B94: SỬA GÓI THÀNH VIÊN | D94: BACK REQUIRE | E94: BACK TC
B95: NO. | C95: INPUT FIELD | D95: DESCRIPTION | E95: CONSTRAINTS
B96: 1 | C96: Tên gói thành viên | D96: Trường nhập tên gói (đang sửa) | E96: • Bắt buộc nhập • Không để trống, không chứa toàn khoảng trắng • Chỉ cho phép ký tự chữ, số, khoảng trắng, gạch ngang • Độ dài 3–100 ký tự • Không trùng tên với gói khác (ngoại trừ chính gói đang sửa) • Tự động viết hoa ký tự đầu tiên • Hiển thị lỗi nếu trùng tên gói khác • Không cho phép ký tự đặc biệt lạ hoặc emoji không hợp lệ
B97: 2 | C97: Mô tả | D97: Textarea mô tả gói (có thể đã có nội dung) | E97: • Không bắt buộc • Tối đa 1000 ký tự • Cho phép ký tự đặc biệt, nhưng loại bỏ HTML tag để tránh XSS • Có bộ đếm ký tự còn lại (VD: 890/1000) • Hiển thị cảnh báo khi vượt giới hạn • Tự động lưu nội dung khi nhấn Enter (auto-save)
B98: 3 | C98: Phần trăm giảm giá (%) | D98: Sửa tỷ lệ % chiết khấu áp dụng cho gói | E98: • Không bắt buộc • Phải là số nguyên 0–100 • Không cho phép ký tự chữ hoặc dấu đặc biệt • Nếu nhập sai định dạng → hiển thị lỗi “Vui lòng nhập số trong khoảng 0–100” • Kiểm tra đồng thời trên frontend và backend (tránh bypass)
B99: 4 | C99: Chi tiêu tối thiểu (VND) | D99: Sửa giá trị tiền tối thiểu để áp dụng gói | E99: • Không bắt buộc (tùy loại gói) • Phải là số nguyên ≥ 0 • Định dạng tự động có dấu phân cách hàng nghìn (VD: 1,000,000) • Giới hạn tối đa: 999,999,999 VNĐ • Nếu phần trăm giảm giá > 0 thì giá trị này phải > 0 • Không cho phép ký tự chữ hoặc ký tự đặc biệt
B100: 5 | C100: Kích hoạt gói thành viên (checkbox) | D100: Bật/tắt trạng thái active của gói | E100: • Không bắt buộc (mặc định theo giá trị hiện tại) • Chỉ người có quyền “Admin” mới được thay đổi trạng thái • Khi bật/tắt → cập nhật tức thì vào cơ sở dữ liệu (AJAX) • Hiển thị trạng thái hiện tại rõ ràng (“Đang hoạt động” hoặc “Tạm ngưng”)
B101: 6 | C101: Button “Cập nhật” | D101: Nút submit form để lưu thay đổi | E101: • Chỉ bật khi tất cả trường hợp lệ • Gửi dữ liệu về backend bằng API PUT hoặc PATCH • Có hiệu ứng loading khi đang cập nhật • Hiển thị thông báo: “Cập nhật thành công” hoặc “Không có thay đổi nào” • Không cho phép bấm liên tục nhiều lần (chống double-submit)
B102: 7 | C102: Button “Hủy” | D102: Hủy/đóng modal mà không lưu | E102: • Không lưu thay đổi • Hiển thị hộp thoại xác nhận “Bạn có chắc muốn hủy thay đổi?” • Trả về trang danh sách gói thành viên khi xác nhận
B103: 8 | C103: Tự động định dạng khi nhập | D103: Tự động định dạng các trường số | E103: • “1000000” → hiển thị “1,000,000” khi người dùng rời ô nhập
B104: 9 | C104: Ngày chỉnh sửa gần nhất | D104: Thời điểm admin chỉnh sửa gần nhất | E104: Tự động cập nhật mỗi lần lưu
B105: 10 | C105: Trạng thái gói | D105: Hiển thị tình trạng hiện tại của gói (Đang hoạt động / Tạm dừng / Hết hạn) | E105: Dropdown, chỉ được chọn giá trị hợp lệ
B106: 11 | C106: Lý do chỉnh sửa | D106: Admin nhập lý do sửa đổi thông tin gói | E106: Bắt buộc nhập khi có thay đổi nội dung chính
B107: 12 | C107: Ngày bắt đầu áp dụng mới | D107: Ngày gói được áp dụng sau khi chỉnh sửa | E107: Không nhỏ hơn ngày hiện tại
... B110: 15 | C110: Tooltip hướng dẫn | D110: Hỗ trợ giải thích cho từng trường | E110: • Ví dụ: “Giảm giá từ 0–100”, “Nhập chi tiêu tối thiểu (VNĐ)”
B115: TẠO COUPON | D115: BACK REQUIRE | E115: BACK TC
B116: NO. | C116: INPUT FIELD | D116: DESCRIPTION | E116: CONSTRAINTS
B117: 1 | C117: Mã Coupon | D117: Trường nhập mã coupon (ví dụ: SALE20) | E117: • Bắt buộc nhập • Không để trống hoặc chỉ chứa khoảng trắng • Chỉ cho phép ký tự chữ, số, gạch ngang, gạch dưới • Độ dài 3–20 ký tự • Không trùng với mã coupon khác trong hệ thống • Phân biệt hoa thường hoặc tự động chuyển về chữ in hoa • Hiển thị lỗi “Mã coupon đã tồn tại” nếu trùng • Không cho phép ký tự đặc biệt hoặc emoji không hợp lệ • Tự động loại bỏ khoảng trắng đầu/cuối
B118: 2 | C118: Số tiền giảm (VNĐ) | D118: Trường nhập số tiền giảm giá | E118: • Bắt buộc nếu không dùng phần trăm • Chỉ cho phép số nguyên dương • Tối thiểu: 1,000 – tối đa: 10,000,000 VNĐ • Tự động format có dấu phẩy • Không nhập chữ hoặc ký tự đặc biệt • Kiểm tra frontend + backend
B119: 3 | C119: Ngày bắt đầu áp dụng | D119: Thời điểm coupon bắt đầu có hiệu lực | E119: • Bắt buộc • Không được nhỏ hơn ngày hiện tại • Nếu ngày hết hạn < ngày bắt đầu → lỗi “Thời gian không hợp lệ” • Hỗ trợ chọn thời gian cụ thể
B120: 4 | C120: Ngày hết hạn | D120: Thời điểm coupon hết hạn | E120: • Bắt buộc • Phải lớn hơn hoặc bằng ngày bắt đầu • Nếu chọn trong quá khứ → hiển thị lỗi • Tự động gợi ý +7 ngày kể từ ngày tạo
B121: 5 | C121: Loại coupon | D121: Xác định hình thức áp dụng (toàn đơn / sản phẩm) | E121: • Bắt buộc chọn 1 • Gồm các tùy chọn: “Toàn đơn”, “Theo sản phẩm”, “Theo danh mục” • Nếu chọn “Theo sản phẩm” → bật field chọn sản phẩm
B122: 6 | C122: Chọn sản phẩm áp dụng | D122: Danh sách sản phẩm được áp dụng coupon | E122: • Hiển thị khi chọn “Theo sản phẩm” • Có thể chọn nhiều sản phẩm • Nếu bỏ trống → hiển thị cảnh báo
B123: 7 | C123: Chọn danh mục áp dụng | D123: Áp dụng cho các danh mục cụ thể | E123: • Hiển thị khi chọn “Theo danh mục” • Cho phép chọn nhiều danh mục
B124: 8 | C124: Trạng thái coupon (Active/Inactive) | D124: Trạng thái hoạt động của coupon | E124: • Mặc định “Hoạt động” • Chỉ Admin được bật/tắt • Khi tắt → coupon không áp dụng
B125: 9 | C125: Tên hiển thị (tùy chọn) | D125: Tên mô tả dễ hiểu cho người dùng (VD: “Giảm 50k đơn đầu tiên”) | E125: • Không bắt buộc • Độ dài tối đa 100 ký tự • Cho phép ký tự đặc biệt, khoảng trắng • Không cho phép mã HTML hoặc script • Hiển thị lỗi nếu vượt quá giới hạn
B126: 10 | C126: Phần trăm giảm giá (%) | D126: Tỷ lệ giảm theo phần trăm (thay thế cho số tiền) | E126: • Không bắt buộc • Là số nguyên 1–100 • Nếu có giá trị này → bỏ qua trường “Số tiền giảm” • Nếu nhập >100 → hiển thị lỗi “Giảm giá không hợp lệ”
B127: 11 | C127: Giá trị đơn hàng tối thiểu (VNĐ) | D127: Mức chi tiêu tối thiểu để áp dụng coupon | E127: • Không bắt buộc • Là số nguyên ≥ 0 • Nếu giảm giá > 0 → giá trị này phải > 0 • Tối đa: 99,999,999 • Tự động định dạng dấu phẩy hàng nghìn
B128: 12 | C128: Giá trị đơn hàng tối đa (VNĐ) | D128: Giới hạn tối đa đơn hàng được áp dụng | E128: • Không bắt buộc • Là số nguyên ≥ giá trị tối thiểu • Không cho phép ký tự chữ hoặc ký tự đặc biệt • Nếu < giá trị tối thiểu → hiển thị lỗi
... B132: 16 | C132: Tạo tự động mã coupon | D132: Nút sinh mã ngẫu nhiên | E132: • Không bắt buộc • Tạo mã gồm 6–10 ký tự A–Z, 0–9 • Đảm bảo unique toàn hệ thống
B138: TẠO YÊU CẦU BẢO HÀNH | D138: BACK REQUIRE | E138: BACK TC
B139: NO. | C139: INPUT FIELD | D139: DESCRIPTION | E139: CONSTRAINTS
B140: 1 | C140: Loại vấn đề | D140: Dropdown chọn loại lỗi (ví dụ: Lỗi phần cứng, Lỗi phần mềm, Lỗi pin, Khác) | E140: - Bắt buộc chọn - Chỉ hiển thị các loại vấn đề đã cấu hình trong hệ thống - Không cho phép input free-text nếu chỉ dùng dropdown - Nếu chọn "Khác" phải mở thêm ô nhập mô tả ngắn bắt buộc - Hiển thị lỗi: Vui lòng chọn loại vấn đề khi chưa chọn
B141: 2 | C141: Mô tả chi tiết vấn đề | D141: Trường để khách hàng hoặc nhân viên nhập nội dung mô tả chi tiết lỗi, hiện tượng xảy ra hoặc tình trạng sản phẩm. | E141: - Bắt buộc nhập - Không được để trống hoặc chỉ toàn khoảng trắng - Độ dài tối đa: 500 ký tự - Loại bỏ khoảng trắng đầu/cuối trước khi lưu - Không cho phép HTML tags chưa sanitize để tránh XSS — escape hoặc sanitize trước khi hiển thị - Hiển thị counter ký tự (ví dụ 120/500) - Hiển thị lỗi: Vui lòng mô tả chi tiết vấn đề (tối đa 500 ký tự) khi rỗng hoặc vượt quá
B142: 3 | C142: Ngày kết thúc bảo hành (read-only) | D142: Ngày hết hạn bảo hành của sản phẩm | E142: - Read-only, hiển thị theo timezone chuẩn và format dễ đọc - Nếu hết hạn, hiển thị cảnh báo Hết hạn bảo hành gần field - Không cho phép tạo yêu cầu nếu sản phẩm đã quá hạn (tuỳ business rule) hoặc cần confirm ngoại lệ
B143: 4 | C143: Lưu ý quan trọng (notice) | D143: Thông tin hướng dẫn xử lý (khung thông báo) | E143: - Không phải input, chỉ hiển thị thông tin: thời gian xử lý dự kiến, kênh thông báo, yêu cầu mô tả rõ ràng - Text phải dễ đọc, không quá nhiều chữ nhỏ - Không dùng để hiển thị lỗi hệ thống
B144: 5 | C144: Button “Gửi yêu cầu” | D144: Nút submit tạo yêu cầu bảo hành | E144: - Chỉ active khi các trường bắt buộc hợp lệ (Loại vấn đề, Mô tả, checkbox nếu bắt buộc) - Hiển thị loading indicator khi gửi và disable để tránh double submit - Backend validate toàn bộ (permission, data, liên kết BH) trước khi tạo - Nếu success: show Gửi yêu cầu thành công và redirect/refresh danh sách - Nếu lỗi: hiển thị lỗi cụ thể (vd: Sản phẩm không hợp lệ, Mã bảo hành đã hết) - Không cho phép duplicate request (idempotency token hoặc disable)
B145: 6 | C145: Button “Quay lại” | D145: Hủy thao tác, quay về trang trước | E145: - Nếu form đã thay đổi, show confirm Bạn có chắc muốn hủy? Mọi thay đổi chưa lưu sẽ mất. - Nếu chưa thay đổi, đóng/redirect ngay - Reset form khi đóng modal
B146: 7 | C146: Mã bảo hành | D146: Mã định danh của yêu cầu bảo hành, giúp quản lý và tra cứu chính xác từng hồ sơ. | E146: - Tự động sinh theo format: WR + YYYYMMDD + số thứ tự 5 chữ số.
B147: 8 | C147: Sản phẩm (read-only) | D147: Hiển thị sản phẩm được yêu cầu bảo hành, lấy dữ liệu từ lịch sử mua hàng của khách. | E147: - Chỉ hiển thị các sản phẩm còn thời hạn bảo hành; không cho phép chỉnh sửa.
B148: 9 | C148: Trạng thái yêu cầu | D148: Trạng thái hiện tại của yêu cầu trong quá trình xử lý. | E148: - Gồm các giá trị: Mới, Đang xử lý, Hoàn thành, Hủy; mặc định “Mới”.
B149: 10 | C149: Thời gian thực tế hoàn thành | D149: Thời điểm thực tế hoàn tất quy trình bảo hành, do hệ thống tự động ghi nhận. | E149: - Tự động cập nhật khi trạng thái chuyển sang “Hoàn thành”.
B150: 11 | C150: Đính kèm ảnh / file | D150: Cho phép tải lên hình ảnh hoặc file minh chứng lỗi để kỹ thuật viên dễ dàng xác định vấn đề. | E150: - Không bắt buộc nhưng khuyến nghị upload ít nhất 1 ảnh - Chấp nhận định dạng: JPG, PNG, JPEG, PDF (theo policy) - Kích thước file tối đa: 10MB / file - Tối đa 5 file (hoặc theo policy) - Tự động resize/thumbnail ảnh hiển thị preview - Hiển thị lỗi: File không hợp lệ hoặc Kích thước quá lớn khi input sai
B151: 12 | C151: Số serial sản phẩm | D151: Mã định danh duy nhất của sản phẩm được bảo hành, giúp xác minh chính xác model và lịch sử. | E151: - Bắt buộc; tự động điền nếu đã tồn tại trong hệ thống.
... B160: 21 | C160: Hình thức bảo hành | D160: Cách thức giải quyết yêu cầu bảo hành sau khi kiểm tra (ví dụ: sửa chữa, đổi mới, hoàn tiền, từ chối). | E160: - Bắt buộc khi trạng thái = “Đã kiểm tra”.
B166: CẬP NHẬT THÔNG TIN CÁ NHÂN | D166: BACK REQUIRE | E166: BACK TC
B167: NO. | C167: INPUT FIELD | D167: DESCRIPTION | E167: CONSTRAINTS
B168: 1 | C168: Họ và tên | D168: Trường nhập họ và tên đầy đủ của khách hàng | E168: - Bắt buộc nhập - Không được để trống hoặc chỉ toàn khoảng trắng - Không chấp nhận các ký tự điều khiển hay mã HTML (sanitize) - Độ dài tối thiểu: 3 ký tự - Độ dài tối đa: 100 ký tự - Chỉ cho phép chữ, khoảng trắng, dấu gạch ngang, dấu cộng (nếu cần) — không cho số hoặc ký tự đặc biệt bất thường - Loại bỏ khoảng trắng đầu/cuối trước khi lưu - Hiển thị lỗi: Vui lòng nhập Họ và tên khi rỗng
B169: 2 | C169: Email | D169: Email đăng ký của khách (theo UI là không thể thay đổi) | E169: - Read-only / không cho edit tại UI admin (nếu cho phép edit thì phải có flow xác thực riêng) - Hiển thị tooltip: Email không thể thay đổi sau khi đăng ký (nếu read-only) - Nếu backend cho phép đổi email phải có xác thực qua email (verify) và không reveal tồn tại account khác - Hiển thị lỗi: nếu admin cố tình gửi request đổi email → backend trả 403/400
B170: 3 | C170: Số điện thoại | D170: Trường nhập số điện thoại liên hệ | E170: - Bắt buộc nhập (tuỳ policy) hoặc optional — xác định requirement rõ ràng - Chỉ chấp nhận ký tự số (0–9) với tiền tố +[country] nếu hỗ trợ quốc tế - Độ dài hợp lệ: 9–15 chữ số (tuỳ vùng) — validate theo regex quốc tế nếu áp dụng - Tự normalize (xóa khoảng trắng, dấu gạch) trước lưu - Unique check nếu hệ thống yêu cầu số điện thoại là identifier (kiểm tra trùng với user khác) — nếu trùng show lỗi - Hiển thị lỗi: Số điện thoại không hợp lệ hoặc Số điện thoại đã được sử dụng
...

Sheet Test Case GUI2_Quân
A1: TEST CASE GUI - TRANG ĐĂNG NHẬP
A2: TestCaseID | B2: Nhóm GUI | C2: Mô tả chi tiết | D2: Điều kiện tiên quyết | E2: Các bước thực hiện | F2: Kết quả mong đợi | G2: Kết quả thực tế | H2: Trạng thái | I2: Test Priority
A3: TC_GUI_LOGIN_001 | B3: Layout & Bố cục | C3: Form đăng nhập hiển thị căn giữa trang theo chiều ngang và dọc | D3: Truy cập trang đăng nhập trên màn hình desktop (1920x1080) | E3: 1. Truy cập trình duyệt 2. Truy cập đường dẫn : https://localhost:7011/Customer/Login | F3: Form đăng nhập được căn giữa màn hình cả chiều ngang lẫn chiều dọc; Nền trang màu xám nhạt (#F0F2F5 hoặc tương đương) | I3: High
A4: TC_GUI_LOGIN_002 | B4: Layout & Bố cục | C4: Thứ tự các phần tử trên form đúng từ trên xuống dưới | D4: Truy cập trang đăng nhập | E4: 1. Truy cập trình duyệt 2. Truy cập đường dẫn : https://localhost:7011/Customer/Login 3. Quan sát thứ tự các phần tử từ trên xuống dưới | F4: Thứ tự đúng: Icon avatar → Tiêu đề 'Đăng nhập tài khoản' → Subtitle 'Hoặc đăng ký...' → Email field → Mật khẩu field → Checkbox 'Ghi nhớ đăng nhập' → Nút 'Đăng nhập' → Link 'Quên mật khẩu?' & 'Tạo tài khoản mới' | I4: High
A5: TC_GUI_LOGIN_003 | B5: Layout & Bố cục | C5: Form có nền trắng, bo góc và đổ bóng nhẹ | D5: Truy cập trang đăng nhập | E5: 1. Truy cập trình duyệt 2. Truy cập đường dẫn : https://localhost:7011/Customer/Login 3. Quan sát form đăng nhập | F5: Form có nền trắng; Góc được bo tròn; Có shadow/đổ bóng nhẹ phân biệt với nền trang | I5: Medium
A6: TC_GUI_LOGIN_004 | B6: Layout & Bố cục | C6: Khoảng cách (padding/margin) giữa các phần tử đồng đều và hợp lý | D6: Truy cập trang đăng nhập | E6: 1. Truy cập trình duyệt 2. Truy cập đường dẫn : https://localhost:7011/Customer/Login 3. Quan sát khoảng cách giữa các phần tử | F6: Khoảng cách giữa các phần tử đồng đều; Không bị chồng lấp hoặc quá rộng; Padding bên trong form hợp lý | I6: Medium
A7: TC_GUI_LOGIN_005 | B7: Icon & Hình ảnh | C7: Icon avatar hiển thị đúng màu sắc và kích thước | D7: Truy cập trang đăng nhập | E7: 1. Truy cập trình duyệt 2. Truy cập đường dẫn : https://localhost:7011/Customer/Login 3. Quan sát icon avartar ở đầu form | F7: Icon avatar hình tròn, màu xanh dương (#3B82F6 hoặc tương đương); Icon người dùng màu trắng ở giữa; Kích thước cân đối với form | I7: Medium
A8: TC_GUI_LOGIN_006 | B8: Icon & Hình ảnh | C8: Icon khóa trong nút 'Đăng nhập' hiển thị đúng | D8: Truy cập trang đăng nhập | E8: 1. Truy cập trình duyệt 2. Truy cập đường dẫn : https://localhost:7011/Customer/Login 3. Quan sát icon bên trái nút "Đăng nhập" | F8: Icon khóa (lock) màu trắng hiển thị bên trái text 'Đăng nhập'; Kích thước icon phù hợp với chiều cao nút | I8: Low
A9: TC_GUI_LOGIN_007 | B9: Typography & Text | C9: Tiêu đề 'Đăng nhập tài khoản' hiển thị đúng font, size, màu sắc | D9: Truy cập trang đăng nhập | E9: 1. Truy cập trình duyệt 2. Truy cập đường dẫn : https://localhost:7011/Customer/Login 3. Quan sát Tiêu đề chính | F9: Tiêu đề 'Đăng nhập tài khoản' in đậm (bold); Font size lớn (~24-28px); Màu đen/tối (#1F2937 hoặc tương đương); Căn giữa | I9: High
A10: TC_GUI_LOGIN_008 | B10: Typography & Text | C10: Subtitle 'Hoặc đăng ký tài khoản mới' hiển thị đúng | D10: Truy cập trang đăng nhập | E10: 1. Truy cập trình duyệt 2. Truy cập đường dẫn : https://localhost:7011/Customer/Login 3. Quan sát dòng subtitle bên dưới tiêu đề | F10: Text 'Hoặc ' màu xám nhạt; Text 'đăng ký tài khoản mới' màu xanh dương, có underline hoặc dạng link; Căn giữa | I10: Medium
A11: TC_GUI_LOGIN_009 | B11: Typography & Text | C11: Label 'Email' và 'Mật khẩu' hiển thị đúng vị trí và kiểu chữ | D11: Truy cập trang đăng nhập | E11: 1. Truy cập trình duyệt 2. Truy cập đường dẫn : https://localhost:7011/Customer/Login 3. Quan sát label các trường nhập liệu | F11: Label 'Email' và 'Mật khẩu' nằm phía trên input tương ứng; Font size nhỏ hơn tiêu đề; Màu tối, không in đậm hoặc in đậm nhẹ; Căn trái | I11: Medium
A12: TC_GUI_LOGIN_010 | B12: Typography & Text | C12: Placeholder text trong các input field hiển thị đúng | D12: Truy cập trang đăng nhập | E12: 1. Truy cập trình duyệt 2. Truy cập đường dẫn : https://localhost:7011/Customer/Login 3. Quan sát placeholder của trường email và mật khẩu khi chưa nhập | F12: Ô Email hiển thị placeholder 'Nhập email của bạn' màu xám nhạt; Ô Mật khẩu hiển thị placeholder 'Nhập mật khẩu' màu xám nhạt; Placeholder biến mất khi bắt đầu nhập | I12: Medium
A13: TC_GUI_LOGIN_011 | B13: Input Fields | C13: Hai ô nhập Email và Mật khẩu có chiều rộng bằng nhau và đều bằng chiều rộng form | D13: Truy cập trang đăng nhập | E13: 1. Truy cập trình duyệt 2. Truy cập đường dẫn : https://localhost:7011/Customer/Login 3.So sánh chiều rộng 2 ô input với nhau và với form | F13: Hai ô input có cùng chiều rộng; Chiều rộng bằng phần nội dung của form; Viền (border) rõ ràng, màu xám nhạt | I13: High
A14: TC_GUI_LOGIN_012 | B14: Input Fields | C14: Ô input hiển thị viền highlight khi được focus (click vào) | D14: Truy cập trang đăng nhập | E14: 1. Truy cập trình duyệt 2. Truy cập đường dẫn : https://localhost:7011/Customer/Login 3. Click vào ô Email 4. Quan sát viền hightlight khi click vào | F14: Viền ô input chuyển sang màu xanh dương khi focus; Có hiệu ứng outline rõ ràng phân biệt với trạng thái bình thường | I14: Medium
... A44: TC_GUI_LOGIN_042 | B44: Accessibility | C44: Focus indicator hiển thị rõ trên tất cả các phần tử tương tác | D44: Truy cập trang đăng nhập | E44: 1. Truy cập trình duyệt 2. Truy cập đường dẫn : https://localhost:7011/Customer/Login 3. Dùng phím Tab để di chuyển qua các phần tử 4. Quan sát focus indicator | F44: Mỗi phần tử tương tác đều có focus indicator rõ ràng khi nhận focus bằng keyboard; Không có phần tử nào bị 'mất' focus (outline: none mà không có alternative) | I44: Medium
A46: TEST CASE GUI - ĐĂNG KÍ
A48: TestCaseID | B48: Nhóm GUI | C48: Mô tả chi tiết | D48: Điều kiện tiên quyết | E48: Các bước thực hiện | F48: Kết quả mong đợi | G48: Kết quả thực tế | H48: Trạng thái | I48: Test Priority
A49: TC_GUI_REG_001 | B49: Layout & Bố cục | C49: Form đăng ký hiển thị căn giữa trang theo chiều ngang | D49: Truy cập trang đăng ký trên desktop 1920x1080 | E49: 1. Truy cập trình duyệt 2. Truy cập đường dẫn : https://localhost:7011/Customer/Register 3. Quan sát vị trí form trên trang | F49: Form căn giữa màn hình theo chiều ngang; Nền trang màu xám nhạt tương phản với form trắng | I49: High
A50: TC_GUI_REG_002 | B50: Layout & Bố cục | C50: Thứ tự các phần tử trên form đúng từ trên xuống dưới | D50: Truy cập trang đăng ký | E50: 1. Truy cập trình duyệt 2. Truy cập đường dẫn : https://localhost:7011/Customer/Register 3. Quan sát thứ tự từng phần tử từ trên xuống | F50: Thứ tự đúng: Icon avatar+ → Tiêu đề 'Đăng ký tài khoản mới' → Subtitle 'Đã có tài khoản? Đăng nhập ngay' → Họ → Tên → Email → Số điện thoại → Mật khẩu → Xác nhận mật khẩu → Checkbox điều khoản → Nút 'Đăng ký' | I50: High
A51: TC_GUI_REG_003 | B51: Layout & Bố cục | C51: Form có nền trắng, bo góc và đổ bóng nhẹ | D51: Truy cập trang đăng ký | E51: 1. Truy cập trình duyệt 2. Truy cập đường dẫn : https://localhost:7011/Customer/Register 3. Quan sát card form | F51: Form nền trắng; Góc bo tròn; Có shadow phân biệt với nền trang xám | I51: Medium
A52: TC_GUI_REG_004 | B52: Layout & Bố cục | C52: Khoảng cách giữa các input field đồng đều và không bị chồng lấp | D52: Truy cập trang đăng ký | E52: 1. Truy cập trình duyệt 2. Truy cập đường dẫn : https://localhost:7011/Customer/Register 3. Quan sát khoảng cách giữa 6 trường nhập liệu | F52: Khoảng cách giữa các field đồng đều nhau; Không có field nào bị chồng lấp hoặc dính vào nhau; Padding trong form cân đối | I52: Medium
A53: TC_GUI_REG_005 | B53: Layout & Bố cục | C53: Tất cả 6 input field có cùng chiều rộng bằng chiều rộng form | D53: Truy cập trang đăng ký | E53: 1. Mở trang đăng ký 2. So sánh chiều rộng của 6 ô input: Họ, Tên, Email, SĐT, Mật khẩu, Xác nhận mật khẩu | F53: Cả 6 ô input có cùng chiều rộng; Chiều rộng bằng phần nội dung form; Không có ô nào nhỏ hơn hoặc lớn hơn | I53: High
A54: TC_GUI_REG_006 | B54: Icon & Hình ảnh | C54: Icon avatar+ (thêm người dùng) hiển thị đúng màu và kích thước | D54: Truy cập trang đăng ký | E54: 1. Truy cập trình duyệt 2. Truy cập đường dẫn : https://localhost:7011/Customer/Register 3. Quan sát icon ở đầu form | F54: Icon hình tròn màu xanh dương; Biểu tượng người dùng có dấu + màu trắng ở giữa; Kích thước cân đối với form; Khác với icon trang đăng nhập (không có dấu +) | I54: Medium
A55: TC_GUI_REG_007 | B55: Icon & Hình ảnh | C55: Icon người dùng trong nút 'Đăng ký' hiển thị đúng | D55: Truy cập trang đăng ký | E55: 1. Truy cập trình duyệt 2. Truy cập đường dẫn : https://localhost:7011/Customer/Register 3. Quan sát icon bên trái trong nút 'Đăng ký' | F55: Icon người dùng (add person) màu trắng hiển thị bên trái text 'Đăng ký'; Kích thước icon phù hợp chiều cao nút; Icon không bị vỡ hoặc mờ | I55: Low
A56: TC_GUI_REG_008 | B56: Typography & Text | C56: Tiêu đề 'Đăng ký tài khoản mới' hiển thị đúng font, size, màu | D56: Truy cập trang đăng ký | E56: 1. Truy cập trình duyệt 2. Truy cập đường dẫn : https://localhost:7011/Customer/Register 3. Quan sát tiêu đề chính | F56: Tiêu đề 'Đăng ký tài khoản mới' in đậm (bold); Font size lớn (~24-28px); Màu đen/tối; Căn giữa | I56: High
A57: TC_GUI_REG_009 | B57: Typography & Text | C57: Subtitle 'Đã có tài khoản? Đăng nhập ngay' hiển thị đúng | D57: Truy cập trang đăng ký | E57: 1. Truy cập trình duyệt 2. Truy cập đường dẫn : https://localhost:7011/Customer/Register 3. Quan sát dòng subtitle dưới tiêu đề | F57: Text 'Đã có tài khoản? ' màu xám; Text 'Đăng nhập ngay' màu xanh dương dạng link; Căn giữa; Font nhỏ hơn tiêu đề | I57: Medium
A58: TC_GUI_REG_010 | B58: Typography & Text | C58: Tất cả 6 label (Họ, Tên, Email, SĐT, Mật khẩu, Xác nhận mật khẩu) hiển thị đúng vị trí | D58: Truy cập trang đăng ký | E58: 1. Truy cập trình duyệt 2. Truy cập đường dẫn : https://localhost:7011/Customer/Register 3. Quan sát vị trí label của từng trường | F58: Mỗi label nằm phía trên input tương ứng; Căn trái; Font rõ ràng, màu tối; Khoảng cách giữa label và input nhất quán | I58: High
A59: TC_GUI_REG_011 | B59: Typography & Text | C59: Placeholder của từng input field hiển thị đúng nội dung | D59: Truy cập trang đăng ký | E59: 1. Truy cập trình duyệt 2. Truy cập đường dẫn : https://localhost:7011/Customer/Register 3. Quan sát placeholder trong từng ô input khi chưa nhập | F59: Họ: 'Nhập họ của bạn' Tên: 'Nhập tên của bạn' Email: 'Nhập email của bạn' SĐT: 'Nhập số điện thoại' Mật khẩu: 'Nhập mật khẩu (tối thiểu 6 ký tự)' Xác nhận: 'Nhập lại mật khẩu' Tất cả màu xám nhạt, biến mất khi nhập | I59: High
A60: TC_GUI_REG_012 | B60: Typography & Text | C60: Font chữ nhất quán trên toàn bộ trang đăng ký | D60: Truy cập trang đăng ký | E60: 1. Truy cập trình duyệt 2. Truy cập đường dẫn : https://localhost:7011/Customer/Register 3. Quan sát font của tất cả text trên trang | F60: Tất cả text dùng cùng font family; Không có font lạc nhịp; Font tải đúng, không fallback sang font mặc định | I60: Medium
... A92: TC_GUI_REG_044 | B92: Accessibility | C92: Trang đăng ký nhất quán về visual với trang đăng nhập | D92: Mở cả hai trang đăng nhập và đăng ký | E92: 1. Truy cập trình duyệt 2. Truy cập đường dẫn : https://localhost:7011/Customer/Login 3. Truy cập đường dẫn : https://localhost:7011/Customer/Register 4. So sánh visual tổng thể | F92: Hai trang dùng cùng design language; Màu sắc chủ đạo nhất quán; Font, border-radius, shadow nhất quán; Chỉ khác nhau ở nội dung, không khác về phong cách | I92: Medium
A94: Test Case GUI - Trang chủ
A95: TestCaseID | B95: Nhóm GUI | C95: Mô tả chi tiết | D95: Điều kiện tiên quyết | E95: Các bước thực hiện | F95: Kết quả mong đợi | G95: Kết quả thực tế | H95: Trạng thái | I95: Test Priority
A96: TC_GUI_HP_001 | B96: Header & Navbar | C96: Header cố định (sticky) ở đầu trang khi cuộn xuống | D96: Truy cập trang chủ, trang có nội dung dài hơn viewport | E96: 1. Truy cập trình duyệt 2. Truy cập đường dẫn : https://localhost:7011/ 3. Cuộn xuống phần sản phẩm nổi bật 4. Quan sát header | F96: Header vẫn hiển thị ở đầu trang khi cuộn; Không bị ẩn hay trượt lên; Có shadow hoặc background trắng rõ ràng khi sticky | I96: High
A97: TC_GUI_HP_002 | B97: Header & Navbar | C97: Logo 'PhoneStore' hiển thị đúng vị trí, icon và màu sắc | D97: Truy cập trang chủ | E97: 1. Truy cập trình duyệt 2. Truy cập đường dẫn : https://localhost:7011/ 3. Quan sát logo ở góc trái header | F97: Icon điện thoại màu xanh dương hiển thị bên trái; Text 'PhoneStore' màu đen, in đậm; Logo nằm góc trái header; Kích thước hợp lý | I97: High
A98: TC_GUI_HP_003 | B98: Header & Navbar | C98: Menu điều hướng hiển thị đúng 4 mục: Trang chủ, Sản phẩm, Về chúng tôi, Liên hệ | D98: Truy cập trang chủ | E98: 1. Truy cập trình duyệt 2. Truy cập đường dẫn : https://localhost:7011/ 3. Quan sát các mục menu trên header | F98: Hiển thị đủ 4 mục: 'Trang chủ', 'Sản phẩm', 'Về chúng tôi', 'Liên hệ'; Thứ tự đúng từ trái sang phải; Font chữ rõ ràng, màu tối; Căn giữa header | I98: High
A99: TC_GUI_HP_004 | B99: Header & Navbar | C99: Menu item hiển thị hiệu ứng hover khi rê chuột | D99: Truy cập trang chủ | E99: 1. Truy cập trình duyệt 2. Truy cập đường dẫn : https://localhost:7011/ 3. Rê chuột lần lượt qua 4 mục menu 4. Quan sát thay đổi | F99: Mỗi menu item thay đổi màu hoặc xuất hiện underline khi hover; Con trỏ chuyển pointer; Hiệu ứng transition mượt mà | I99: Medium
A100: TC_GUI_HP_005 | B100: Header & Navbar | C100: Ô tìm kiếm hiển thị đúng vị trí, icon kính lúp và placeholder | D100: Truy cập trang chủ | E100: 1. Truy cập trình duyệt 2. Truy cập đường dẫn : https://localhost:7011/ 3. Quan sát ô tìm kiếm trên header | F100: Ô tìm kiếm nằm bên phải menu; Icon kính lúp hiển thị bên trái ô; Placeholder 'Tìm kiếm...' màu xám nhạt; Viền ô rõ ràng; Bo góc tròn | I100: High
A101: TC_GUI_HP_006 | B101: Header & Navbar | C101: Ô tìm kiếm highlight viền khi được focus | D101: Truy cập trang chủ | E101: 1. Truy cập trình duyệt 2. Truy cập đường dẫn : https://localhost:7011/ 3. Click vào ô tìm kiếm 4. Quan sát viền | F101: Viền ô tìm kiếm chuyển màu xanh khi focus; Placeholder biến mất; Con nháy xuất hiện | I101: Medium
A102: TC_GUI_HP_007 | B102: Header & Navbar | C102: Icon giỏ hàng hiển thị đúng vị trí và màu sắc | D102: Truy cập trang chủ | E102: 1. Truy cập trình duyệt 2. Truy cập đường dẫn : https://localhost:7011/ 3. Quan sát icon giỏ hàng trên header | F102: Icon giỏ hàng hiển thị bên phải ô tìm kiếm; Màu tối, kích thước rõ ràng; Con trỏ chuyển pointer khi hover | I102: Medium
A103: TC_GUI_HP_008 | B103: Header & Navbar | C103: Tên người dùng và icon avatar hiển thị đúng khi đã đăng nhập | D103: Đăng nhập với tài khoản 'Nguyễn Minh Quân'; Truy cập trang chủ | E103: 1. Truy cập trình duyệt 2. Truy cập đường dẫn : https://localhost:7011/ sau khi đăng nhập 3. Quan sát góc phải header | F103: Icon avatar màu tối hiển thị; Tên 'Nguyễn Minh Quân' hiển thị rõ; Icon dropdown (▼) bên phải tên; Căn phải header | I103: High
A104: TC_GUI_HP_009 | B104: Header & Navbar | C104: Khoảng cách và căn chỉnh các phần tử trong header đồng đều | D104: Truy cập trang chủ | E104: 1. Truy cập trình duyệt 2. Truy cập đường dẫn : https://localhost:7011/ 3. Quan sát tổng thể header | F104: Logo - Menu - Search - Cart - User được phân bổ đều; Không có phần tử nào bị chồng lấp; Căn giữa theo chiều dọc header; Chiều cao header nhất quán | I104: Medium
A105: TC_GUI_HP_010 | B105: Hero Banner | C105: Hero banner hiển thị đúng gradient xanh dương sang tím | D105: Truy cập trang chủ | E105: 1. Truy cập trình duyệt 2. Truy cập đường dẫn : https://localhost:7011/ 3. Quan sát section hero banner | F105: Background gradient từ xanh dương (#2563EB) sang tím/indigo; Gradient mượt mà, không bị gián đoạn; Chiếm toàn bộ chiều rộng trang | I105: High
A106: TC_GUI_HP_011 | B106: Hero Banner | C106: Tiêu đề hero 'Điện thoại Chính hãng Giá tốt nhất' hiển thị đúng màu sắc và style | D106: Truy cập trang chủ | E106: 1. Truy cập trình duyệt 2. Truy cập đường dẫn : https://localhost:7011/ 3. Quan sát tiêu đề trong hero banner | F106: Text 'Điện thoại' và 'Giá tốt nhất' màu trắng, in đậm; Text 'Chính hãng' màu vàng (#FBBF24 hoặc tương đương); Font size lớn (~40-48px); Căn trái | I106: High
A107: TC_GUI_HP_012 | B107: Hero Banner | C107: Đoạn mô tả trong hero banner hiển thị đúng màu và kích thước | D107: Truy cập trang chủ | E107: 1. Truy cập trình duyệt 2. Truy cập đường dẫn : https://localhost:7011/ 3. Quan sát đoạn text mô tả dưới tiêu đề hero | F107: Text mô tả màu trắng hoặc trắng nhạt; Font size nhỏ hơn tiêu đề; Dễ đọc trên nền gradient; Không bị tràn ra ngoài vùng | I107: Medium
... A150: TC_GUI_HP_055 | B150: Accessibility | C150: Tất cả hình ảnh sản phẩm có alt text mô tả | D150: Truy cập trang chủ | E150: 1. Truy cập trình duyệt 2. Truy cập đường dẫn : https://localhost:7011/ 3. Dùng DevTools kiểm tra thuộc tính alt của img 4. Hoặc tắt hình ảnh trình duyệt | F150: Mỗi ảnh sản phẩm có alt text mô tả tên sản phẩm; Alt text không để trống; Hình trang trí dùng alt='' (empty) là chấp nhận được | I150: Medium
A152: Test Case GUI - Trang sản phẩm
A153: TestCaseID | B153: Nhóm GUI | C153: Mô tả chi tiết | D153: Điều kiện tiên quyết | E153: Các bước thực hiện | F153: Kết quả mong đợi | G153: Kết quả thực tế | H153: Trạng thái | I153: Test Priority
A154: TC_GUI_PD_001 | B154: Header & Navbar | C154: Header trang sản phẩm nhất quán với trang chủ (logo, menu, search, cart) | D154: Truy cập trang sản phẩm khi chưa đăng nhập | E154: 1. Truy cập trình duyệt 2. Truy cập đường dẫn : https://localhost:7011/Product 3. So sánh header với trang chủ | F154: Logo PhoneStore giống hệt trang chủ; Menu 4 mục nhất quán; Ô tìm kiếm cùng vị trí; Icon giỏ hàng hiển thị; Nút 'Đăng nhập' và 'Đăng ký' xuất hiện (khác trang chủ đã đăng nhập) | I154: High
A155: TC_GUI_PD_002 | B155: Header & Navbar | C155: Nút 'Đăng nhập' hiển thị đúng style (outline) và vị trí | D155: Truy cập trang sản phẩm khi chưa đăng nhập | E155: 1. Truy cập trình duyệt 2. Truy cập đường dẫn : https://localhost:7011/Product 3. Quan sát nút Đăng nhập trên header | F155: Nút 'Đăng nhập' có icon người dùng bên trái; Style outline (viền, nền trong suốt); Text màu tối; Con trỏ pointer khi hover | I155: Medium
A156: TC_GUI_PD_003 | B156: Header & Navbar | C156: Nút 'Đăng ký' hiển thị đúng style (filled xanh) và vị trí | D156: Truy cập trang sản phẩm khi chưa đăng nhập | E156: 1. Truy cập trình duyệt 2. Truy cập đường dẫn : https://localhost:7011/Product 3. Quan sát nút Đăng ký trên header | F156: Nút 'Đăng ký' nền xanh dương, text trắng; Nằm bên phải nút Đăng nhập; Bo góc tròn; Con trỏ pointer khi hover; Phân biệt rõ với nút Đăng nhập | I156: Medium
A157: TC_GUI_PD_004 | B157: Header & Navbar | C157: Header sticky khi cuộn xuống danh sách sản phẩm | D157: Truy cập trang sản phẩm | E157: 1. Truy cập trình duyệt 2. Truy cập đường dẫn : https://localhost:7011/Product 3. Cuộn xuống danh sách sản phẩm 4. Quan sát header | F157: Header cố định ở đầu trang khi cuộn; Thanh lọc (filter bar) cũng sticky bên dưới header; Không bị ẩn khi cuộn | I157: High
A158: TC_GUI_PD_005 | B158: Hero Banner trang SP | C158: Hero banner trang sản phẩm hiển thị gradient xanh đậm đúng màu | D158: Truy cập trang sản phẩm | E158: 1. Truy cập trình duyệt 2. Truy cập đường dẫn : https://localhost:7011/Product 3. Quan sát hero banner phía trên | F158: Banner nền gradient xanh đậm (navy/dark blue); Khác với gradient xanh-tím của trang chủ; Chiếm toàn bộ chiều rộng trang | I158: Medium
A159: TC_GUI_PD_006 | B159: Hero Banner trang SP | C159: Tiêu đề 'Cửa hàng điện thoại' hiển thị đúng màu trắng, font lớn | D159: Truy cập trang sản phẩm | E159: 1. Truy cập trình duyệt 2. Truy cập đường dẫn : https://localhost:7011/Product 3. Quan sát tiêu đề trong hero banner | F159: Text 'Cửa hàng điện thoại' màu trắng; In đậm, font size lớn (~32-40px); Căn giữa theo chiều ngang | I159: High
A160: TC_GUI_PD_007 | B160: Hero Banner trang SP | C160: Subtitle 'Khám phá 12 sản phẩm chất lượng cao' hiển thị đúng | D160: Truy cập trang sản phẩm | E160: 1. Truy cập trình duyệt 2. Truy cập đường dẫn : https://localhost:7011/Product 3. Quan sát subtitle dưới tiêu đề hero | F160: Subtitle màu trắng nhạt hoặc xám nhạt; Font nhỏ hơn tiêu đề; Căn giữa; Hiển thị đúng số lượng sản phẩm | I160: Medium
A161: TC_GUI_PD_008 | B161: Thanh lọc & Tìm kiếm | C161: Thanh lọc hiển thị đủ 4 thành phần: Search, Danh mục, Giá, Sắp xếp, Nút Lọc | D161: Truy cập trang sản phẩm | E161: 1. Truy cập trình duyệt 2. Truy cập đường dẫn : https://localhost:7011/Product 3. Quan sát thanh lọc bên dưới hero banner | F161: Ô tìm kiếm 'Tìm kiếm sản phẩm...' bên trái; Dropdown 'Tất cả danh mục'; Dropdown 'Tất cả giá'; Dropdown 'Mặc định'; Nút 'Lọc' màu xanh dương với icon funnel bên phải | I161: High
A162: TC_GUI_PD_009 | B162: Thanh lọc & Tìm kiếm | C162: Ô tìm kiếm sản phẩm hiển thị đúng icon kính lúp và placeholder | D162: Truy cập trang sản phẩm | E162: 1. Truy cập trình duyệt 2. Truy cập đường dẫn : https://localhost:7011/Product 3. Quan sát ô tìm kiếm trong thanh lọc | F162: Icon kính lúp màu xám hiển thị bên trái ô; Placeholder 'Tìm kiếm sản phẩm...' màu xám nhạt; Viền ô rõ ràng; Bo góc tròn; Chiều rộng chiếm ~40% thanh lọc | I162: High
A163: TC_GUI_PD_010 | B163: Thanh lọc & Tìm kiếm | C163: Ô tìm kiếm highlight viền xanh khi focus | D163: Truy cập trang sản phẩm | E163: 1. Truy cập trình duyệt 2. Truy cập đường dẫn : https://localhost:7011/Product 3. Click vào ô tìm kiếm 4. Quan sát viền | F163: Viền ô chuyển màu xanh dương khi focus; Placeholder biến mất; Con nháy xuất hiện | I163: Medium
A164: TC_GUI_PD_011 | B164: Thanh lọc & Tìm kiếm | C164: 3 dropdown (Danh mục, Giá, Sắp xếp) hiển thị đúng style và icon mũi tên | D164: Truy cập trang sản phẩm | E164: 1. Truy cập trình duyệt 2. Truy cập đường dẫn : https://localhost:7011/Product 3. Quan sát 3 dropdown trong thanh lọc | F164: Mỗi dropdown có viền, nền trắng; Text mặc định rõ ràng; Icon mũi tên xuống (▼) bên phải; Bo góc tròn; Chiều cao bằng nhau; Con trỏ pointer khi hover | I164: High
A165: TC_GUI_PD_012 | B165: Thanh lọc & Tìm kiếm | C165: Dropdown hiển thị list option khi click vào | D165: Truy cập trang sản phẩm | E165: 1. Truy cập trình duyệt 2. Truy cập đường dẫn : https://localhost:7011/Product 3. Click vào dropdown 'Tất cả danh mục' 4. Quan sát list option | F165: List option xuất hiện bên dưới dropdown; Có nền trắng, viền rõ ràng; Mỗi option đủ padding dễ đọc; Option được hover highlight; Con trỏ pointer trên từng option | I165: Medium
... A204: TC_GUI_PD_051 | B204: Accessibility | C204: Dropdown có thể điều hướng bằng bàn phím (keyboard navigation) | D204: Truy cập trang sản phẩm | E204: 1. Truy cập trình duyệt 2. Truy cập đường dẫn : https://localhost:7011/Product 3. Tab đến dropdown 'Tất cả danh mục' 4. Nhấn Space/Enter để mở 5. Dùng mũi tên để chọn option | F204: Dropdown mở bằng Space/Enter; Mũi tên lên/xuống di chuyển giữa các option; Enter chọn option; Escape đóng dropdown; Focus trả về dropdown sau khi chọn | I204: Medium

Sheet GUI3_Trí
B3: Nhiệm vụ: Test giao diện GUI của web customer và web admin (dựa vào cách trình bày của sheet GUI-APPLY LEAVE)
B6: Các phần test: Web Customer: Trang giỏ hàng - Trang đơn hàng của tôi - Trang quản lý bảo hành - Trang chi tiết của sản phẩm
B9: Các phần test: Web Admin: Quản lý chương trình giảm giá -
B12: Bên dưới là bảng mẫu để làm - Khi làm kèm theo hình ảnh giao diện mà mình test bên cạnh bảng
B15: Mỗi hình tương ứng với mỗi bảng - bao nhiêu hình thì bấy nhiêu bảng - trình bày theo chiều ngang hoặc dọc
B21: THÊM CHƯƠNG TRÌNH GIẢM GIÁ | D21: BACK REQUIRE | E21: BACK TC
B22: NO. | C22: INPUT FIELD | D22: DESCRIPTION | E22: CONSTRAINTS
B23: 1 | C23: Tên chương trình | D23: Tên của chương trình giảm giá | E23: Bắt buộc nhập, tối đa 100 ký tự, không ký tự đặc biệt, không trùng tên
B24: 2 | C24: Phần trăm giảm | D24: Giá trị phần trăm giảm cho sản phẩm | E24: Bắt buộc nhập, kiểu số, từ 1–100, tối đa 1 chữ số thập phân
B25: 3 | C25: Nút Hủy (Cancel) | D25: Hủy thao tác, đóng form/modal hoặc quay lại | E25: Không lưu, xác nhận nếu có thay đổi chưa lưu
B26: 4 | C26: Nút Lưu (Save) | D26: Lưu chương trình vào hệ thống | E26: Chỉ enable khi các trường bắt buộc hợp lệ; gọi API tạo mới; hiển thị lỗi nếu backend trả về lỗi
B27: 5 | C27: Loại giảm giá | D27: Xác định giảm theo % hoặc số tiền cố định | E27: Bắt buộc chọn 1 trong 2 giá trị (Phần trăm / Số tiền)
B28: 6 | C28: Số tiền giảm (VNĐ) | D28: Số tiền giảm cụ thể nếu chọn loại giảm là “số tiền” | E28: Kiểu số, >= 0, chỉ hiển thị nếu chọn “Số tiền”
B29: 7 | C29: Ngày bắt đầu | D29: Ngày chương trình bắt đầu có hiệu lực | E29: Bắt buộc nhập, ≤ ngày kết thúc, không nhỏ hơn ngày hiện tại
B30: 8 | C30: Ngày kết thúc | D30: Ngày chương trình kết thúc hiệu lực | E30: Bắt buộc nhập, ≥ ngày bắt đầu
B31: 9 | C31: Giờ bắt đầu | D31: Giờ cụ thể chương trình bắt đầu trong ngày | E31: Không bắt buộc, định dạng HH:mm
B32: 10 | C32: Giờ kết thúc | D32: Giờ cụ thể chương trình kết thúc trong ngày | E32: Không bắt buộc, định dạng HH:mm
B33: 11 | C33: Mô tả chương trình | D33: Ghi chú, mô tả nội dung chi tiết chương trình | E33: Không bắt buộc, tối đa 255 ký tự
B34: 12 | C34: Áp dụng cho | D34: Phạm vi áp dụng chương trình (toàn bộ, danh mục, sản phẩm) | E34: Bắt buộc chọn 1, ràng buộc logic nếu chọn danh mục/sản phẩm
... B39: 17 | C39: Hình ảnh / banner | D39: Ảnh đại diện cho chương trình giảm giá (nếu có) | E39: Không bắt buộc, định dạng jpg/png, dung lượng ≤ 2MB
B48: SỬA CHƯƠNG TRÌNH GIẢM GIÁ | D48: BACK REQUIRE | E48: BACK TC
B49: NO. | C49: INPUT FIELD | D49: DESCRIPTION | E49: CONSTRAINTS
B50: 1 | C50: Tên chương trình | D50: Hiển thị tên chương trình giảm giá hiện có để chỉnh sửa | E50: - Bắt buộc nhập - Tối đa 100 ký tự - Không chứa ký tự đặc biệt - Không trùng với chương trình khác (ngoại trừ chính nó)
B51: 2 | C51: Phần trăm giảm | D51: Giá trị phần trăm giảm của chương trình | E51: - Bắt buộc nhập - Kiểu số (number ) - Giá trị từ 1 đến 100 (%) - Tối đa 1 chữ số thập phân
B52: 3 | C52: Nút Hủy (Cancel) | D52: Hủy thao tác chỉnh sửa, đóng form hoặc quay lại danh sách | E52: - Không lưu thay đổi - Có xác nhận nếu có chỉnh sửa chưa lưu
B53: 4 | C53: Nút Lưu (Save) | D53: Cập nhật thông tin chương trình giảm giá vào hệ thống | E53: - Chỉ kích hoạt khi dữ liệu hợp lệ - Gửi request PUT/PATCH đến API /discounts/update - Hiển thị thông báo thành công/thất bại
B54: 5 | C54: Ngày bắt đầu | D54: Ngày chương trình bắt đầu (đã có thể được thay đổi) | E54: - Bắt buộc nhập - ≤ ngày kết thúc - ≥ ngày hiện tại (nếu chương trình chưa diễn ra)
B55: 6 | C55: Ngày kết thúc | D55: Ngày chương trình kết thúc | E55: - Bắt buộc nhập - ≥ ngày bắt đầu
B56: 7 | C56: Loại giảm giá | D56: Hình thức giảm: phần trăm hoặc số tiền | E56: - Bắt buộc chọn 1 giá trị - Không thay đổi loại nếu đã có giao dịch áp dụng
B57: 8 | C57: Số tiền giảm (VNĐ) | D57: Số tiền giảm nếu loại là “số tiền” | E57: - Hiển thị khi chọn loại “số tiền” - Số ≥ 0
B58: 9 | C58: Mô tả chương trình | D58: Thông tin mô tả, ghi chú thêm về chương trình | E58: - Không bắt buộc - Tối đa 255 ký tự
B59: 10 | C59: Áp dụng cho | D59: Phạm vi áp dụng (toàn bộ / danh mục / sản phẩm) | E59: - Bắt buộc chọn - Nếu chọn danh mục/sản phẩm → yêu cầu chọn cụ thể
B60: 11 | C60: Danh mục áp dụng | D60: Danh mục sản phẩm được giảm giá | E60: - Bắt buộc nếu chọn “Áp dụng cho danh mục”
B61: 12 | C61: Sản phẩm áp dụng | D61: Danh sách sản phẩm được giảm giá | E61: - Bắt buộc nếu chọn “Áp dụng cho sản phẩm”
... B66: 17 | C66: Người chỉnh sửa | D66: Tên tài khoản đang thực hiện chỉnh sửa | E66: - Tự động điền (readonly) - Lưu vào log lịch sử

Sheet Intergration Test
A1: Test Case ID | B1: Description | C1: Pre- condition | D1: Test step | E1: Test Data | F1: Expected Resutl | G1: Actual Result | H1: Status
A2: E2E_1 | B2: Luồng đặt hàng chuẩn | C2: Trình duyệt hoạt động ổn định | D2: 1. Mở trình duyệt 2.Đăng nhập phía customer 3. Vào trang chi tiết đơn hàng 4.Nhập số lượng 5.Click đặt hàng 6.Truy cập trang giỏ hàng 7.Click thanh toán 8.Click thêm khách hàng mới 9.Nhập người nhận, sđt, địa chỉ 10.Chọn phương thức thanh toán 11.Nhập notes 12.Click đặt hàng 13.Lưu id đơn hàng 14.Truy cập và đăng nhập Admin 15.Vào trang quản lý đơn hàng 16. Tìm kiếm id đơn hàng đã lưu 17. Kiểm tra id đơn hàng có không ? | E2: Đăng nhập customer : Email : testexample@gmail.com Password : 123 Chi tiết đơn hàng : Iphone 13 Số lượng : 1 Đăng nhập Admin : Tk : admin Password : 123 | F2: Luồng đặt hàng chạy thành công, Id đơn hàng giống với Id được gửi qua Admin | G2: Luồng đặt hàng chạy thành công, Id đơn hàng giống với Id được gửi qua Admin | H2: Pass
A3: E2E_2 | B3: Luồng đặt hàng khi sản phẩm bị hết hàng đột ngột ( Race Condition) | C3: Trình duyệt hoạt động ổn định | D3: 1.Mở tab đầu tiên trong trình duyệt 2. Đăng nhập customer 3.Chọn sản phẩm trong trang sản phẩm 4.Chọn số lượng và click thanh toán 5.Vào trang giỏ hàng và bấm thanh toán 6.Tại trang thanh toán nhập người nhận và địa chỉ 7.Mở một tab mới và đăng nhập Admin 8.Vào trang quản lý sản phẩm 9.Chọn sản phẩm đang được bên customer đặt 10.Sửa số lượng sản phẩm tồn kho về 0 11.Chuyển qua tab customer và click đặt hàng 12. Kiểm tra xem đơn hàng có bị chặn lại do hết sản phẩm không? | E3: Đăng nhập customer : Email : testexample@gmail.com Password : 123 Chi tiết đơn hàng : Iphone 13 Số lượng : 1 Đăng nhập Admin : Tk : admin Password : 123 | F3: Đơn hàng không được hoàn thành, thông báo lỗi đã hết số lượng tồn kho | G3: Đơn hàng không được hoàn thành, thông báo lỗi đã hết số lượng tồn kho | H3: Pass
A4: E2E_3 | B4: Cập nhật trạng thái cho đơn hàng đang chờ xử lý | C4: Trình duyệt hoạt động ổn định | D4: 1.Mở tab đầu tiên trong trình duyệt 2. Đăng nhập customer 3.Chọn sản phẩm trong trang sản phẩm 4.Chọn số lượng và click thanh toán 5.Vào trang giỏ hàng và bấm thanh toán 6.Tại trang thanh toán nhập người nhận và địa chỉ 7.Click đặt hàng 8.Chuyển về trang danh sách với đơn hàng ở trạng thái "Đang xử lý" 9.Lưu mã đơn hàng vừa đặt 9.Mở tab mới và đăng nhập trang Admin 10. Vào trang quản lý đơn hàng 11. Tìm kiếm đơn hàng với id đã lưu bên customer 12.Chỉnh sửa trạng thái đơn thành "Đang giao hàng" 13. Trở về tab đầu tiên, check xem đơn hàng đã thay đổi trạng thái hay chưa? | E4: Đăng nhập customer : Email : testexample@gmail.com Password : 123 Chi tiết đơn hàng : Iphone 13 Số lượng : 1 Đăng nhập Admin : Tk : admin Password : 123 | F4: Đơn hàng được cập nhật trạng thái sau khi refresh, cập nhật đúng trạng thái | G4: Đơn hàng được cập nhật trạng thái sau khi refresh, cập nhật đúng trạng thái | H4: Pass
A5: E2E_4 | B5: Kiẻm tra số lượng tồn kho có được trả về sau khi khách hàng hủy đơn không | C5: Trình duyệt hoạt động ổn định | D5: 1. Mở trình duyệt 2.Đăng nhập phía customer 3. Vào trang chi tiết đơn hàng 4.Nhập số lượng 5.Click đặt hàng 6.Truy cập trang giỏ hàng 7.Click thanh toán 8.Click thêm khách hàng mới 9.Nhập người nhận, sđt, địa chỉ 10.Chọn phương thức thanh toán 11.Nhập notes 12.Click đặt hàng 13.Mở tab mới và đăng nhập Admin 14.Vào trang sản phẩm 15.Tìm kiếm sản phẩm được đặt và lưu số lượng tồn kho 16.Chuyển sang tab Customer và tiến hành hủy đơn hàng 17.Chuyển sang tab Admin và refresh lại trang 18.So sánh xem số lượng hàng tồn kho có lớn hơn số lượng hàng tồn kho đã được lưu trước khi hủy đơn không? | E5: Đăng nhập customer : Email : testexample@gmail.com Password : 123 Chi tiết đơn hàng : Iphone 13 Số lượng : 1 Đăng nhập Admin : Tk : admin Password : 123 | F5: Số lượng hàng tồn kho của sản phẩm phải được trả về đúng sau khi hủy đơn | G5: Số lượng không được trả về sau khi hủy đơn | H5: Failed

Sheet Sheet2
A2: Priority | D2: Status | G2: Type
A3: High | D3: Not Executed | G3: LooknFeel
A4: Medium | D4: Passed | G4: Positive
A5: Low | D5: Failed | G5: Negative
G6: Boundary
